北海道ブロック,幸福実現党,1,森山 佳則,47,新,,https://twitter.com/YosshiiMoriyama,https://www.facebook.com/moriyama.hokkaido,https://sites.google.com/site/kofukumoriyama/home
北海道ブロック,幸福実現党,2,瀬戸 優一,27,新,,,,
北海道ブロック,共産党,1,畠山 和也,43,新,,https://twitter.com/hatayama_kazuya,https://www.facebook.com/kazuya.hatayama.1,http://hatarogu.blogspot.jp/
北海道ブロック,共産党,2,金倉 昌俊,40,新,北海道2区,https://twitter.com/kanakuramasato,https://www.facebook.com/kanakuramasatoshi,http://www.kanakura.net/
北海道ブロック,自民党,1,渡辺 孝一,57,前,,,https://www.facebook.com/watanabekoichi1957,http://watanabekoichi.jp/
北海道ブロック,自民党,2,船橋 利実,54,前,北海道1区,,https://www.facebook.com/people/Toshimitsu-Funahashi/100005396051289,http://funahashi-toshimitsu.jp/
北海道ブロック,自民党,2,吉川 貴盛,64,前,北海道2区,,https://www.facebook.com/pages/吉川貴盛official/302748539831646,http://tyoshikawa.com/
北海道ブロック,自民党,2,高木 宏寿,54,前,北海道3区,,https://www.facebook.com/takagi.hirohisa3,http://hirohisa-takagi.jp/
北海道ブロック,自民党,2,中村 裕之,53,前,北海道4区,,https://www.facebook.com/hiroyuki.nakamura.1466126,http://www.hiro-nakamura.jp/
北海道ブロック,自民党,2,町村 信孝,70,前,北海道5区,,,http://www.machimura.net
北海道ブロック,自民党,2,今津 寛,68,前,北海道6区,https://twitter.com/imazu164,https://www.facebook.com/imazuhiroshi164,http://hiroshi-i.net/
北海道ブロック,自民党,2,伊東 良孝,66,前,北海道7区,,,
北海道ブロック,自民党,2,前田 一男,48,前,北海道8区,,http://ja-jp.facebook.com/kazuo.maeda.334,http://www.maedakazuo.jp/
北海道ブロック,自民党,2,堀井 学,42,前,北海道9区,,,http://horiimanabu.jp
北海道ブロック,自民党,2,中川 郁子,55,前,北海道11区,,https://www.facebook.com/yuko.nakagawa.355,http://nakagawa-yuko.jp
北海道ブロック,自民党,2,武部 新,44,前,北海道12区,https://twitter.com/takebearata,https://www.facebook.com/takebearata,http://takebe-arata.com/
北海道ブロック,自民党,13,清水 誠一,65,前,,,https://www.facebook.com/seiichi432,http://shimizu-seiichi.net/
北海道ブロック,自民党,14,金沢 知歌子,49,新,,,,
北海道ブロック,自民党,15,東 国幹,46,新,,,,
北海道ブロック,公明党,1,佐藤 英道,54,前,,,,
北海道ブロック,公明党,2,武田 久之,50,新,,,,
北海道ブロック,社民党,1,道林 実,72,新,,,,
北海道ブロック,民主党,1,鈴木 貴子,28,前,北海道7区,,http://facebook.com/takako.daichi,http://www.suzukitakako.jp
北海道ブロック,民主党,2,横路 孝弘,73,前,北海道1区,,,https://www.yokomichi.com/
北海道ブロック,民主党,2,荒井 聰,68,前,北海道3区,,https://www.facebook.com/Satoshi.Arai21,http://www.arai21.net/
北海道ブロック,民主党,2,鉢呂 吉雄,66,元,北海道4区,,,http://www.tsukuru.org
北海道ブロック,民主党,2,勝部 賢志,55,新,北海道5区,,,
北海道ブロック,民主党,2,佐々木 隆博,65,元,北海道6区,https://twitter.com/sasaki_stop_tpp,https://www.facebook.com/takahiro.sasaki.54966,http://www.sasaki-takahiro.jp/
北海道ブロック,民主党,2,逢坂 誠二,55,元,北海道8区,https://twitter.com/seiji_ohsaka,https://www.facebook.com/Seiji.Ohsaka,http://www.ohsaka.jp
北海道ブロック,民主党,2,山岡 達丸,35,元,北海道9区,https://twitter.com/tatumaru1979,https://www.facebook.com/tatumaru1979,http://tatumaru.info/
北海道ブロック,民主党,2,神谷 裕,46,新,北海道10区,,,
北海道ブロック,民主党,2,三津 丈夫,68,新,北海道11区,,,http://mitutakeo.web.fc2.com/index.html
北海道ブロック,民主党,2,水上 美華,32,新,北海道12区,,,
北海道ブロック,維新の党,1,松木 謙公,55,元,北海道2区,https://twitter.com/kenkou64865187,,http://kenko-matsuki.jp/
北海道ブロック,維新の党,1,小和田 康文,44,新,北海道3区,https://twitter.com/kujira0827,https://ja-jp.facebook.com/yasufumi.kowada,http://kowadayasufumi.jp/
北海道ブロック,維新の党,3,大竹 智和,37,新,,https://twitter.com/otaketomokazu,,
北海道ブロック,次世代の党,1,安田 聡,44,新,,,,
北海道ブロック,支持政党なし,1,佐野 秀光,44,新,,,,http://支持政党なし.com/
北海道ブロック,支持政党なし,2,本藤 昭子,72,新,,,,
東北ブロック,維新の党,1,升田 世喜男,57,新,青森県1区,https://twitter.com/sekioisin,https://www.facebook.com/sekio.masuta,http://blog.goo.ne.jp/sekio-masuta
東北ブロック,維新の党,1,中野渡 詔子,44,元,青森県2区,,https://www.facebook.com/noriko.nakanowatari.5,http://nikoniko-noriko.com/
東北ブロック,維新の党,1,林 宙紀,37,前,宮城県2区,https://twitter.com/linkspace,https://www.facebook.com/hayashi.hiroki1977,http://www.hayashi-hiroki.com
東北ブロック,維新の党,1,村岡 敏英,54,前,秋田県3区,https://twitter.com/Muraoka_Toshi,https://www.facebook.com/profile.php?id=100004262591354,https://www.muraokatoshihide.jp
東北ブロック,維新の党,1,小熊 慎司,46,前,福島県4区,https://twitter.com/oguma_shinji,https://www.facebook.com/shinji.oguma.5?fref=ts,http://oguma-s.com/
東北ブロック,生活の党,1,畑 浩治,51,前,岩手県2区,,,
東北ブロック,生活の党,1,小沢 一郎,72,前,岩手県4区,,,http://www.ozawa-ichiro.jp/
東北ブロック,生活の党,3,平野 貞夫,79,新,,,,
東北ブロック,公明党,1,井上 義久,67,前,,,,
東北ブロック,公明党,2,真山 祐一,33,新,,,,
東北ブロック,共産党,1,高橋 千鶴子,55,前,,https://twitter.com/chiduko916,https://www.facebook.com/takahashichiduko,http://www.chiduko.gr.jp/
東北ブロック,共産党,2,岩渕 友,38,新,,https://twitter.com/buchitom,https://www.facebook.com/iwabuchitomo,
東北ブロック,民主党,1,田名部 匡代,45,元,青森県3区,,https://www.facebook.com/masayo.tanabu,http://www.masayo.gr.jp
東北ブロック,民主党,1,山内 崇,59,新,青森県4区,,,http://t-yamauchi.net/
東北ブロック,民主党,1,階 猛,48,前,岩手県1区,,,
東北ブロック,民主党,1,黄川田 徹,61,前,岩手県3区,,,http://www.kikawada.com/
東北ブロック,民主党,1,郡 和子,57,前,宮城県1区,,https://www.facebook.com/koorikazuko,http://www.koorikazuko.jp/
東北ブロック,民主党,1,橋本 清仁,43,元,宮城県3区,https://twitter.com/hkiyohito,,http://kiyohito.p2.bindsite.jp/index.html
東北ブロック,民主党,1,井戸 正枝,49,元,宮城県4区,https://twitter.com/idomasae,http://www.facebook.com/idomasae.miyagi,http://www.idomasae.net/
東北ブロック,民主党,1,安住 淳,52,前,宮城県5区,,,http://www.azumi-jun.jp
東北ブロック,民主党,1,鎌田 さゆり,49,元,宮城県6区,https://twitter.com/sayu4018,https://www.facebook.com/kamata.sayuri/timeline,http://kamata-sayuri.at.webry.info/
東北ブロック,民主党,1,寺田 学,38,元,秋田県1区,https://twitter.com/teratamanabu,https://ja-jp.facebook.com/pages/%E5%AF%BA%E7%94%B0%E5%AD%A6%E3%81%AE%E3%83%9A%E3%83%BC%E3%82%B8/177668462381083,http://manabu.jp
東北ブロック,民主党,1,緑川 貴士,29,新,秋田県2区,,,
東北ブロック,民主党,1,原田 和広,41,新,山形県1区,,,
東北ブロック,民主党,1,近藤 洋介,49,前,山形県2区,,https://www.facebook.com/kondo21,http://www.kondo21.com/
東北ブロック,民主党,1,吉田 大成,45,新,山形県3区,,https://www.facebook.com/taiseiy,
東北ブロック,民主党,1,金子 恵美,49,新,福島県1区,,https://www.facebook.com/kaneko.emi.sangiin,http://kaneko-emi.com/
東北ブロック,民主党,1,岡部 光規,46,新,福島県2区,,,
東北ブロック,民主党,1,玄葉 光一郎,50,前,福島県3区,,,http://www.kgemba.com
東北ブロック,民主党,1,吉田 泉,65,前,福島県5区,,,http://izumidaily.blog27.fc2.com
東北ブロック,民主党,19,小林 義明,72,新,,,,
東北ブロック,幸福実現党,1,矢内 筆勝,53,新,,https://twitter.com/yanaihissho,http://www.facebook.com/yanaifm?fref=ts,http://yanai-hissho.hr-party.jp/
東北ブロック,幸福実現党,2,城取 良太,37,新,,https://twitter.com/ryotashirotori,http://www.facebook.com/ryota.shirotori,http://ameblo.jp/shirotori-ryota/
東北ブロック,幸福実現党,3,油井 哲史,34,新,,,,
東北ブロック,自民党,1,津島 淳,48,前,青森県1区,https://twitter.com/tsushimajun,https://www.facebook.com/jun.tsuhima.5#!/jun.tsushima.5,http://juntu.web.fc2.com/
東北ブロック,自民党,1,江渡 聡徳,59,前,青森県2区,,,http://www.eto-akinori.jp/index.html
東北ブロック,自民党,1,大島 理森,68,前,青森県3区,,https://www.facebook.com/tadamori.oshima,http://www.morry.jp
東北ブロック,自民党,1,木村 太郎,49,前,青森県4区,,,http://www.taro-k.jp/
東北ブロック,自民党,1,高橋 比奈子,56,前,岩手県1区,,http://www.facebook.com/hinako.takahashi.33,
東北ブロック,自民党,1,鈴木 俊一,61,前,岩手県2区,,,
東北ブロック,自民党,1,橋本 英教,47,前,岩手県3区,,,http://hashimoto-hidenori.com/
東北ブロック,自民党,1,藤原 崇,31,前,岩手県4区,https://twitter.com/iwate_fujiwara,https://www.facebook.com/people/Takashi-Fujiwara/100004477178223,http://takasi.info/
東北ブロック,自民党,1,土井 亨,56,前,宮城県1区,https://twitter.com/doitooru812,,http://www.doi-toru.com/
東北ブロック,自民党,1,秋葉 賢也,52,前,宮城県2区,https://twitter.com/akibakenya,https://www.facebook.com/kenya.akiba,
東北ブロック,自民党,1,西村 明宏,54,前,宮城県3区,,,http://www.a-nishimura.jp
東北ブロック,自民党,1,伊藤 信太郎,61,前,宮城県4区,,https://www.facebook.com/shintaro.ito.7#!/sintaro.ito.7,http://ameblo.jp/ito-sintaro/
東北ブロック,自民党,1,勝沼 栄明,40,前,宮城県5区,,,http://s-katsunuma.com
東北ブロック,自民党,1,小野寺 五典,54,前,宮城県6区,https://twitter.com/itsunori510,,
東北ブロック,自民党,1,冨樫 博之,59,前,秋田県1区,https://twitter.com/hiroyukitogash,https://www.facebook.com/h.togachan,
東北ブロック,自民党,1,金田 勝年,65,前,秋田県2区,,https://www.facebook.com/kaneda.katsutoshi,http://www.kaneda-k.com/
東北ブロック,自民党,1,御法川 信英,50,前,秋田県3区,,https://www.facebook.com/nobu.minorikawa,http://minorikawa.jp/p/
東北ブロック,自民党,1,遠藤 利明,64,前,山形県1区,,https://ja-jp.facebook.com/endo.toshiaki0117,http://e-toshiaki.jp/blogs
東北ブロック,自民党,1,鈴木 憲和,32,前,山形県2区,,http://www.facebook.com/suzuki.norikazu.official,http://suzuki-norikazu.com
東北ブロック,自民党,1,加藤 鮎子,35,新,山形県3区,,https://ja-jp.facebook.com/katoayuko.and.supporters,
東北ブロック,自民党,1,亀岡 偉民,59,前,福島県1区,https://twitter.com/kameokayositami,https://www.facebook.com/yoshitami.kameoka?fref=ts,http://kameokayoshitami.com
東北ブロック,自民党,1,根本 匠,63,前,福島県2区,,https://www.facebook.com/Nemoto.Official,https://www.t-nemoto.com/
東北ブロック,自民党,1,上杉 謙太郎,39,新,福島県3区,,https://facebook.com/kentaro.uesugif3,http://uesugi.fukushima.jp
東北ブロック,自民党,1,菅家 一郎,59,前,福島県4区,https://twitter.com/kanke_ichirou,https://www.facebook.com/kanke.ichiro,http://www.election.ne.jp/kanke/
東北ブロック,自民党,1,吉野 正芳,66,前,福島県5区,,,http://www.myoshino.com/
東北ブロック,自民党,26,菅野 佐智子,61,前,,,,
東北ブロック,自民党,27,吉田 修,67,新,,,,
東北ブロック,自民党,28,村上 文人,64,新,,,,
東北ブロック,次世代の党,1,増元 照明,59,新,宮城県2区,,,
東北ブロック,次世代の党,2,菟田 中子,42,新,,,,
東北ブロック,社民党,1,伊藤 正通,63,新,秋田県1区,,,
東北ブロック,社民党,1,細川 光正,65,新,岩手県1区,,,
東北ブロック,社民党,1,桑島 崇史,35,新,宮城県2区,,https://www.facebook.com/kuwajimatakashi,
東北ブロック,社民党,1,小川 右善,65,新,福島県4区,,,
東北ブロック,社民党,5,木村 正弘,48,新,,,,
北関東ブロック,民主党,1,福島 伸享,44,元,茨城県1区,,https://www.facebook.com/nobuyuki.fukushima.58,http://www.fukuchan-japan.com/seisaku/index.html
北関東ブロック,民主党,1,高野 守,55,元,茨城県4区,,,http://www.takano-mamoru.com/
北関東ブロック,民主党,1,大畠 章宏,67,前,茨城県5区,,https://www.facebook.com/ohataakihiro,http://www.oohata.com/
北関東ブロック,民主党,1,青山 大人,35,新,茨城県6区,,,http://www.aoyamayamato.net/
北関東ブロック,民主党,1,柏倉 祐司,45,前,栃木県1区,,http://www.facebook.com/yuji.kashiwakura,http://www.kashiwakurayuji.jp
北関東ブロック,民主党,1,福田 昭夫,66,前,栃木県2区,,,http://www.fukudaa-houtoku.com
北関東ブロック,民主党,1,藤岡 隆雄,37,新,栃木県4区,,,
北関東ブロック,民主党,1,宮崎 岳志,44,元,群馬県1区,https://twitter.com/MIYAZAKI_Takesh,http://www.facebook.com/takeshi.miyazaki.961,
北関東ブロック,民主党,1,長谷川 嘉一,62,新,群馬県3区,,,http://hasegawa-kaichi.org/
北関東ブロック,民主党,1,武正 公一,53,前,埼玉県1区,https://twitter.com/takemasakoichi,https://ja-jp.facebook.com/takemasatoday,http://ameblo.jp/takemasa-koichi
北関東ブロック,民主党,1,細川 律夫,71,元,埼玉県3区,,,
北関東ブロック,民主党,1,神風 英男,53,元,埼玉県4区,,https://ja-jp.facebook.com/hideo.jinpu?hc location=timeline&filter=2,
北関東ブロック,民主党,1,枝野 幸男,50,前,埼玉県5区,,,http://www.edano.gr.jp/
北関東ブロック,民主党,1,大島 敦,57,前,埼玉県6区,,,http://www.sakitama.or.jp/oshima/
北関東ブロック,民主党,1,小宮山 泰子,49,前,埼玉県7区,https://twitter.com/komiyama_yasko,https://www.facebook.com/yasko.komiyama,http://www.yasko.net/
北関東ブロック,民主党,1,小野塚 勝俊,42,元,埼玉県8区,,https://www.facebook.com/masatoshi.onozuka.1,http://onozuka.jp
北関東ブロック,民主党,1,本多 平直,50,元,埼玉県12区,,,http://www.hiranao.com
北関東ブロック,民主党,1,山内 康一,41,前,埼玉県13区,,,http://www.kou1.info
北関東ブロック,民主党,1,高山 智司,44,元,埼玉県15区,,,http://takayama-satoshi.net/
北関東ブロック,民主党,20,山根 隆治,66,新,,https://twitter.com/ryuji_line,http://www.facebook.com/ryuji.yamane23,http://www.r-yamane.com/
北関東ブロック,民主党,21,野木 実,73,元,,,,
北関東ブロック,維新の党,1,石井 章,57,元,茨城県3区,https://twitter.com/ishiiakiraishin,http://www.facebook.com/ishiiakiraishin,http://ishiiakira.com
北関東ブロック,維新の党,1,石関 貴史,42,前,群馬県2区,,https://www.facebook.com/ishizekitakashi1972,
北関東ブロック,維新の党,1,青柳 仁士,36,新,埼玉県9区,https://twitter.com/aoyagi_h,,http://www.aoyagi-h.com
北関東ブロック,維新の党,1,坂本 祐之輔,59,前,埼玉県10区,https://twitter.com/nipponniyumeo,https://www.facebook.com/sakamotoyunosuke,http://www.sakamoto-yunosuke.jp/blog/
北関東ブロック,維新の党,1,鈴木 義弘,52,前,埼玉県14区,,https://www.facebook.com/yosihiro.suzuki.52,http://www.yosshisuzuki.com/
北関東ブロック,維新の党,6,並木 正芳,65,元,,,,http://www.namikimasayoshi.jp/
北関東ブロック,次世代の党,1,根本 千裕,55,新,埼玉県7区,,,
北関東ブロック,次世代の党,1,森田 俊和,40,新,埼玉県12区,https://twitter.com/mori_morita,https://www.facebook.com/MORIMORI.MORITA.TOSHIKAZU,http://morita-toshikazu.com/
北関東ブロック,次世代の党,1,中村 匡志,37,新,埼玉県13区,https://twitter.com/tadashiism,https://www.facebook.com/tadashiism,http://tadashiism.jp
北関東ブロック,自民党,1,田所 嘉徳,60,前,茨城県1区,https://twitter.com/tadokoro_yoshi,https://www.facebook.com/tadokoroyoshi,http://田所よしのり.jp
北関東ブロック,自民党,1,額賀 福志郎,70,前,茨城県2区,,,http://www.nukaga-fukushiro.jp/
北関東ブロック,自民党,1,葉梨 康弘,55,前,茨城県3区,,,http://www.hanashiyasuhiro.com/
北関東ブロック,自民党,1,梶山 弘志,59,前,茨城県4区,https://twitter.com/kajiyamahiroshi,https://www.facebook.com/kajiyama.hiroshi,http://kajiyama-office.com/
北関東ブロック,自民党,1,石川 昭政,42,前,茨城県5区,,https://www.facebook.com/akimasa.ishikawa.7,http://ishikawa-akimasa.com/
北関東ブロック,自民党,1,丹羽 雄哉,70,前,茨城県6区,https://twitter.com/niwayuyaibaraki,https://www.facebook.com/NiwaYuya,http://www.niwayuya.net
北関東ブロック,自民党,1,永岡 桂子,61,前,茨城県7区,,,http://keiko-nagaoka.jp
北関東ブロック,自民党,1,船田 元,61,前,栃木県1区,,https://www.facebook.com/hajime.funada,http://www.funada.org/
北関東ブロック,自民党,1,西川 公也,71,前,栃木県2区,,,http://www.nishikawa-koya.com/
北関東ブロック,自民党,1,簗 和生,35,前,栃木県3区,,http://www.facebook.com/Yanakazuo,http://www.yanakazuo.jp
北関東ブロック,自民党,1,佐藤 勉,62,前,栃木県4区,,,http://www.satoben.jp
北関東ブロック,自民党,1,茂木 敏充,59,前,栃木県5区,https://twitter.com/moteging,https://www.facebook.com/moteging,http://www.motegi.gr.jp
北関東ブロック,自民党,1,佐田 玄一郎,61,前,群馬県1区,,,http://www.sata-genichiro.jp/04.html
北関東ブロック,自民党,1,井野 俊郎,34,前,群馬県2区,,https://www.facebook.com/ino.toshiro,http://www.inooffice.jp/blog/
北関東ブロック,自民党,1,笹川 博義,48,前,群馬県3区,,https://www.facebook.com/hirohiro.genki.sasagawa,http://hirogenki.jugem.jp/
北関東ブロック,自民党,1,福田 達夫,47,前,群馬県4区,,https://ja-jp.facebook.com/tatsuo.fukuda.page?ref=stream,http://tatsuo-f.jp/
北関東ブロック,自民党,1,小渕 優子,41,前,群馬県5区,,,http://www.obuchiyuko.com/
北関東ブロック,自民党,1,村井 英樹,34,前,埼玉県1区,https://twitter.com/muraihideki,,http://muraihideki.com
北関東ブロック,自民党,1,新藤 義孝,56,前,埼玉県2区,,,
北関東ブロック,自民党,1,黄川田 仁志,44,前,埼玉県3区,,,
北関東ブロック,自民党,1,豊田 真由子,40,前,埼玉県4区,https://twitter.com/toyota_mayuko,https://www.facebook.com/mayuko.toyota2012,http://toyotamayuko.com/
北関東ブロック,自民党,1,牧原 秀樹,43,前,埼玉県5区,https://twitter.com/hmakihara,https://www.facebook.com/hideki.makihara,http://hmacky.net/blog0/
北関東ブロック,自民党,1,中根 一幸,45,前,埼玉県6区,,https://www.facebook.com/kazuyuki.nakane.75,https://www.nakane-kazuyuki.com/
北関東ブロック,自民党,1,神山 佐市,60,前,埼玉県7区,,,http://www.kamiyama.ne.jp/
北関東ブロック,自民党,1,柴山 昌彦,49,前,埼玉県8区,https://twitter.com/shiba_masa,https://www.facebook.com/shibayama.masahiko,http://www.shibamasa.net
北関東ブロック,自民党,1,大塚 拓,41,前,埼玉県9区,,,http://www.otsukataku.jp/index.html
北関東ブロック,自民党,1,山口 泰明,66,前,埼玉県10区,,,
北関東ブロック,自民党,1,今野 智博,39,前,埼玉県11区,,,http://www.konnotomohiro.jp
北関東ブロック,自民党,1,野中 厚,38,前,埼玉県12区,https://twitter.com/nonakajimusho,,http://www.nonaka-atsushi.com/
北関東ブロック,自民党,1,土屋 品子,62,前,埼玉県13区,,,http://www.owls.co.jp/shinako/
北関東ブロック,自民党,1,三ツ林 裕巳,59,前,埼玉県14区,,https://www.facebook.com/JiminMitsubayashi,http://ameblo.jp/hiromimitsubayashi/
北関東ブロック,自民党,1,田中 良生,51,前,埼玉県15区,,https://www.facebook.com/ryosei.tanaka.7,http://www.tanaka-ryosei.com/
北関東ブロック,自民党,33,尾身 朝子,53,新,,,,
北関東ブロック,自民党,34,木村 弥生,49,新,,,,
北関東ブロック,自民党,35,冨山 ひで子,51,新,,,,
北関東ブロック,自民党,36,佐藤 明男,62,新,,,,
北関東ブロック,自民党,37,百武 公親,52,新,,,,
北関東ブロック,自民党,38,下田 彰一,61,新,,,,
北関東ブロック,共産党,1,塩川 鉄也,52,前,,https://twitter.com/ShiokawaTetsuya,https://www.facebook.com/shiokawa.jcp,http://www.shiokawa-tetsuya.jp/
北関東ブロック,共産党,2,梅村 早江子,50,新,,https://twitter.com/umemura_saeko,https://www.facebook.com/saeko.umemura.3,
北関東ブロック,共産党,3,大内 久美子,65,新,茨城県1区,,,http://blog.livedoor.jp/oouchikumiko/
北関東ブロック,共産党,4,奥田 智子,46,新,埼玉県2区,,,
北関東ブロック,生活の党,1,松崎 哲久,64,元,,,,
北関東ブロック,公明党,1,石井 啓一,56,前,,,,
北関東ブロック,公明党,2,岡本 三成,49,前,,https://twitter.com/OkamotoOffice,https://facebook.com/okamoto.office,http://www.m-okamoto.jp
北関東ブロック,公明党,3,輿水 恵一,52,前,,,https://www.facebook.com/koshimizu.keiichi,http://www.k-koshimizu.jp/
北関東ブロック,公明党,4,川浦 伸一,40,新,,,,
北関東ブロック,幸福実現党,1,小島 一郎,43,新,,https://twitter.com/kojimaichiro ,https://www.facebook.com/kojima.ichiro,http://kojima-ichiro.net/
北関東ブロック,幸福実現党,2,中村 幸樹,50,新,,https://twitter.com/nkouki777,https://www.facebook.com/nakamurakouki.hr,http://nakamurakouki777.blog109.fc2.com
北関東ブロック,幸福実現党,3,佐々木 正子,60,新,,https://twitter.com/hrpsasaki,https://www.facebook.com/hrp.sasaki.masako?fref=ts,http://masakosasaki.blog.fc2.com/
北関東ブロック,幸福実現党,4,三觜 明美,53,新,,,,
北関東ブロック,社民党,1,松本 翔,29,新,埼玉県1区,https://twitter.com/sdp_vision,https://www.facebook.com/sho1masumoto,
北関東ブロック,社民党,1,小林 人志,63,新,群馬県5区,,,
南関東ブロック,生活の党,1,岡島 一正,57,元,千葉県3区,https://twitter.com/kazu_okajima,https://www.facebook.com/kazumasa.okajima,http://www.k-okajima.jp/
南関東ブロック,生活の党,1,金子 健一,57,元,千葉県11区,https://twitter.com/chiba11kaneko,https://www.facebook.com/kaneko11chiba/,http://chiba11kaneko.jp/
南関東ブロック,生活の党,1,樋高 剛,49,元,神奈川県18区,https://twitter.com/hidaka_takeshi,http://www.facebook.com/seikatsuouenpapa,http://www.the-hidaka.net
南関東ブロック,公明党,1,富田 茂之,61,前,,,,http://www.shigeyuki-tomita.com/
南関東ブロック,公明党,2,古屋 範子,58,前,,https://twitter.com/Noriko_Furuya,http://www.facebook.com/noriko.furuya514,http://www.furuya-noriko.com
南関東ブロック,公明党,3,角田 秀穂,53,新,,,,
南関東ブロック,公明党,4,川浪 隆,53,新,,,,
南関東ブロック,公明党,5,井川 泰雄,40,新,,,https://www.facebook.com/yasuo.ikawa.1,
南関東ブロック,幸福実現党,1,加藤 文康,52,新,,,https://www.facebook.com/profile.php?id=100004071922367&fref=ts,
南関東ブロック,幸福実現党,2,古川 裕三,32,新,,https://twitter.com/yuzofurukawa,,http://ameblo.jp/yuzo0617/
南関東ブロック,幸福実現党,3,壹岐 愛子,29,新,,https://twitter.com/ikiaiko,https://www.facebook.com/iki.aiko,http://ameblo.jp/ikiaiko/
南関東ブロック,幸福実現党,4,宮松 宏至,74,新,,,,http://yamanashi7.wordpress.com/
南関東ブロック,幸福実現党,5,表 奈就子,31,新,,,https://www.facebook.com/natsuko.omote.58,
南関東ブロック,民主党,1,田嶋 要,53,前,千葉県1区,https://twitter.com/kanametajima,http://facebook.com/tajimakaname,http://k-tajima.net
南関東ブロック,民主党,1,青山 明日香,32,新,千葉県3区,,http://www.facebook.com/AoyamaAsuka,http://asuka-aoyama.jp
南関東ブロック,民主党,1,野田 佳彦,57,前,千葉県4区,https://twitter.com/NODAYOSHI55,,http://www.nodayoshi.gr.jp/
南関東ブロック,民主党,1,村越 祐民,40,元,千葉県5区,https://twitter.com/hirotami_m,https://www.facebook.com/hirotami.jp,http://www.hirotami.jp
南関東ブロック,民主党,1,生方 幸夫,67,前,千葉県6区,,,http://www.ubu2.jp
南関東ブロック,民主党,1,奥野 総一郎,50,前,千葉県9区,https://twitter.com/sokuno2,http://www.facebook.com/s.okuno2,http://s-okuno.jp/
南関東ブロック,民主党,1,谷田川 元,51,元,千葉県10区,,,http://hajime-yatagawa.com
南関東ブロック,民主党,1,若井 康彦,68,前,千葉県13区,,,http://www.wakai-yasuhiko.jp
南関東ブロック,民主党,1,勝又 恒一郎,52,元,神奈川県3区,https://twitter.com/470katsu,,http://katsumata.typepad.jp
南関東ブロック,民主党,1,三村 和也,39,元,神奈川県6区,,https://www.facebook.com/kazuya.mimura.7,http://mimurakazuya.net/
南関東ブロック,民主党,1,中谷 一馬,31,新,神奈川県7区,https://twitter.com/kazuma_nakatani,https://www.facebook.com/NakataniKazuma,http://kazumanakatani.com/
南関東ブロック,民主党,1,笠 浩史,49,前,神奈川県9区,,https://www.facebook.com/103hirofumiryu,http://www.ryu-h.net
南関東ブロック,民主党,1,城島 光力,67,元,神奈川県10区,,,http://www.jojima.weblogs.jp/
南関東ブロック,民主党,1,阿部 知子,66,前,神奈川県12区,https://twitter.com/abe_tomoko,https://www.facebook.com/#!/profile.php?id=100004675156297&fref=ts,http://www.abetomoko.jp
南関東ブロック,民主党,1,本村 賢太郎,44,元,神奈川県14区,,,http://dpj-kanagawa14.jp/kentarou_motomura/
南関東ブロック,民主党,1,後藤 祐一,45,前,神奈川県16区,,https://www.facebook.com/face.goto,http://www.jitsugen.jp
南関東ブロック,民主党,1,神山 洋介,39,元,神奈川県17区,https://twitter.com/KAMIYAMA_Yosuke,https://www.facebook.com/yosuke.kamiyama.73?fref=ts,http://kamiyama-yosuke.com
南関東ブロック,民主党,1,中島 克仁,47,前,山梨県1区,https://twitter.com/KatsuNakajima,https://www.facebook.com/profile.php?id=100003030648555,http://katsuhito-nakajima.jp
南関東ブロック,民主党,19,前川 忠夫,76,新,,,,
南関東ブロック,民主党,20,山口 繁,75,新,,,,
南関東ブロック,社民党,1,阿部 治正,60,新,千葉県7区,,,
南関東ブロック,社民党,2,木村 栄子,66,新,,https://twitter.com/KimuraEiko2013,,http://kimuraeiko.blog.fc2.com
南関東ブロック,維新の党,1,藤巻 健太,31,新,千葉県2区,,,http://www.fujimaki-kenta.com
南関東ブロック,維新の党,1,石塚 貞通,47,新,千葉県7区,https://twitter.com/Ishiduka_S,https://www.facebook.com/sadamichii,http://www.ishiduka-sadamichi.net/
南関東ブロック,維新の党,1,太田 和美,35,元,千葉県8区,https://twitter.com/ota_kazumi,http://facebook.com/ota.kazum/,http://kazumi.ms/
南関東ブロック,維新の党,1,篠原 豪,39,新,神奈川県1区,https://twitter.com/go_shinohara,https://www.facebook.com/shinohara.go,http://lets-go-yokohama.jp
南関東ブロック,維新の党,1,水戸 将史,52,新,神奈川県5区,https://twitter.com/mito_kickoff,https://www.facebook.com/masashi.mito.71,http://www.kickoff310.com/
南関東ブロック,維新の党,1,青柳 陽一郎,45,前,神奈川県6区,https://twitter.com/aoyagy,https://www.facebook.com/aoyagy.net,http://aoyagy.net/info
南関東ブロック,維新の党,1,豊田 有希,39,新,神奈川県7区,https://twitter.com/y_toyota,https://www.facebook.com/yuki.toyota,
南関東ブロック,維新の党,1,椎名 毅,39,前,神奈川県9区,https://twitter.com/t_417_kawasaki,https://www.facebook.com/tsuyoshi.shiina.yourparty/,http://t-417.jp
南関東ブロック,維新の党,1,伊藤 優太,29,新,神奈川県13区,https://twitter.com/ito_yuta,https://www.facebook.com/itoyuta55,http://itoyuta.com/
南関東ブロック,維新の党,1,北村 造,31,新,神奈川県18区,https://twitter.com/kitamuraitaru,https://www.facebook.com/kitamuraitaru1,http://www.kitamuraitaru.com
南関東ブロック,次世代の党,1,田沼 隆志,38,前,千葉県1区,https://twitter.com/tanumatakashi,http://www.facebook.com/takashi.tanuma,http://www.tanuma.info/index.html
南関東ブロック,次世代の党,1,遠藤 宣彦,51,元,千葉県6区,https://twitter.com/ENDO_NOBUHIKO,http://www.facebook.com/ENDOUNOBUHIKO,http://www.endou-nobuhiko.com/
南関東ブロック,次世代の党,1,西田 譲,39,前,千葉県9区,,http://www.facebook.com/yuzuru.nishida,http://www.55nishida.com
南関東ブロック,次世代の党,1,横田 光弘,57,新,神奈川県3区,,,http://www.yokota.jpn.com
南関東ブロック,次世代の党,1,河野 敏久,58,新,神奈川県5区,,,
南関東ブロック,次世代の党,1,松田 学,57,前,神奈川県7区,https://twitter.com/matsudamanabu,https://www.facebook.com/manabu.matsuda11,http://www.matsudamanabu.jp/
南関東ブロック,次世代の党,1,甘粕 和彦,31,新,神奈川県12区,,https://www.facebook.com/kazuhiko.amakasu?-rdr,http://amakasukazuhiko.net/
南関東ブロック,次世代の党,1,中本 太衛,49,元,神奈川県14区,,,http://www.nakamoto.jpn.com/
南関東ブロック,次世代の党,1,中田 宏,50,前,神奈川県18区,https://twitter.com/NAKADAHiroshi,http://www.facebook.com/NAKADAHiroshiOFFICE,http://www.nakada.net
南関東ブロック,共産党,1,志位 和夫,60,前,,https://twitter.com/shiikazuo,,http://www.shii.gr.jp
南関東ブロック,共産党,2,畑野 君枝,57,新,,https://twitter.com/hatanokimie,https://www.facebook.com/kimie.hatano.9,http://www.hatano-kimie.jp/
南関東ブロック,共産党,3,斉藤 和子,40,新,千葉県4区,https://twitter.com/saitokazuko,,http://saikazu.tea-nifty.com/
南関東ブロック,共産党,4,遠藤 昭子,63,新,山梨県1区,,https://www.facebook.com/akiko.endo.123276,http://endoakiko.jimdo.com/
南関東ブロック,共産党,5,岡崎 裕,36,新,,https://twitter.com/yuokazaki,,
南関東ブロック,自民党,1,中谷 真一,38,前,,https://twitter.com/nakatani80,https://www.facebook.com/nakatani80,
南関東ブロック,自民党,2,門山 宏哲,50,前,千葉県1区,,http://www.facebook.com/kadoyama.hiroaki,http://ameblo.jp/kadoyama-hiroaki
南関東ブロック,自民党,2,小林 鷹之,40,前,千葉県2区,https://twitter.com/kobahawk,https://www.facebook.com/taka.kobayashi.35,http://www.kobayashi-takayuki.jp
南関東ブロック,自民党,2,松野 博一,52,前,千葉県3区,,,http://www.hiro-matsuno.net/
南関東ブロック,自民党,2,木村 哲也,45,新,千葉県4区,https://twitter.com/kimura_tetsuya,,http://www6.ocn.ne.jp/~tetuya/
南関東ブロック,自民党,2,薗浦 健太郎,42,前,千葉県5区,https://twitter.com/sonourakentaro,http://www.facebook.com/kentarou.sonoura,http://sonoken.org
南関東ブロック,自民党,2,渡辺 博道,64,前,千葉県6区,,http://www.facebook.com/hiromichi.watanabe.524,http://www.hiromichi21.com
南関東ブロック,自民党,2,斎藤 健,55,前,千葉県7区,https://twitter.com/saitou_ken,,http://www.saito-ken.jp/
南関東ブロック,自民党,2,桜田 義孝,64,前,千葉県8区,https://twitter.com/ysakurada,https://www.facebook.com/yoshitaka.sakurada,http://sakurada-yoshitaka.jp/
南関東ブロック,自民党,2,秋本 真利,39,前,千葉県9区,https://twitter.com/akimoto_chiba9,,http://www5a.biglobe.ne.jp/~akimoto/
南関東ブロック,自民党,2,林 幹雄,67,前,千葉県10区,,,http://park19.wakwak.com/~motoo/
南関東ブロック,自民党,2,森 英介,66,前,千葉県11区,,,http://www.morieisuke.com/
南関東ブロック,自民党,2,浜田 靖一,59,前,千葉県12区,,,http://www.office-hamada.jp
南関東ブロック,自民党,2,白須賀 貴樹,39,前,千葉県13区,,,http://shirasuka-takaki.com
南関東ブロック,自民党,2,松本 純,64,前,神奈川県1区,https://twitter.com/junmatsumoto411,https://www.facebook.com/JunMatsumoto411,http://www.jun.or.jp
南関東ブロック,自民党,2,菅 義偉,66,前,神奈川県2区,https://twitter.com/sugawitter,https://www.facebook.com/yoshihide.suga,http://www.sugayoshihide.gr.jp/
南関東ブロック,自民党,2,小此木 八郎,49,前,神奈川県3区,,https://www.facebook.com/hachirou.okonogi,http://hachirou.com/
南関東ブロック,自民党,2,山本 朋広,39,前,神奈川県4区,https://twitter.com/ty_polepole,https://www.facebook.com/polepole.ty,http://yamamoto-tomohiro.com
南関東ブロック,自民党,2,坂井 学,49,前,神奈川県5区,https://twitter.com/sakai_manabu,http://www.facebook.com/manabu.sakai.165,http://sakaimanabu.com
南関東ブロック,自民党,2,鈴木 馨祐,37,前,神奈川県7区,,,http://www.suzukikeisuke.jp/
南関東ブロック,自民党,2,福田 峰之,50,前,神奈川県8区,https://twitter.com/fukudamineyuki,,http://fukuroh.air-nifty.com/katsudou/
南関東ブロック,自民党,2,中山 展宏,46,前,神奈川県9区,https://twitter.com/norihiron,https://www.facebook.com/norihiro.nakayama.77,http://norihiro.org/
南関東ブロック,自民党,2,田中 和徳,65,前,神奈川県10区,https://twitter.com/t_kazunori,https://www.facebook.com/kazunori.tanaka.14,
南関東ブロック,自民党,2,星野 剛士,51,前,神奈川県12区,https://twitter.com/hossys,https://www.facebook.com/hossys,http://www.t-stars.com
南関東ブロック,自民党,2,甘利 明,65,前,神奈川県13区,,https://www.facebook.com/amariakiragenkikun,http://www.amari-akira.com/
南関東ブロック,自民党,2,赤間 二郎,46,前,神奈川県14区,,https://www.facebook.com/people/jiro-Akama/100006029649875,http://www.akama.jp/
南関東ブロック,自民党,2,河野 太郎,51,前,神奈川県15区,https://twitter.com/konotarogomame,https://www.facebook.com/pages/%E6%B2%B3%E9%87%8E%E5%A4%AA%E9%83%8E/168727046514485,http://www.taro.org/
南関東ブロック,自民党,2,義家 弘介,43,前,神奈川県16区,https://twitter.com/yoshiiehiroyuki,http://www.facebook.com/h.yoshiie,
南関東ブロック,自民党,2,牧島 かれん,38,前,神奈川県17区,https://twitter.com/makishimakaren,http://www.facebook.com/makishimakaren,http://www.makishimakaren.com
南関東ブロック,自民党,2,山際 大志郎,46,前,神奈川県18区,https://twitter.com/yamagiwa001,http://www.facebook.com/yamagiwadaishiro.office,http://www.yamagiwa-daishiro.jp
南関東ブロック,自民党,2,宮川 典子,35,前,山梨1県区,https://twitter.com/norikomiya,https://www.facebook.com/noriko.miyagawa.50,http://miyagawanoriko.com
南関東ブロック,自民党,2,堀内 詔子,49,前,山梨2県区,https://twitter.com/genkihoriuchi,https://www.facebook.com/noriko.horiuchi.3572,http://genkihoriuchi.com/blog/
南関東ブロック,自民党,33,金子 真理子,65,新,,,,
南関東ブロック,自民党,34,松田 紀子,59,新,,,,
南関東ブロック,自民党,35,文月 涼,47,新,,,,
南関東ブロック,自民党,36,三沢 英生,41,新,,,,
南関東ブロック,自民党,37,角田 宏子,47,新,,,,
南関東ブロック,自民党,38,藤田 幹雄,46,元,,,,
南関東ブロック,自民党,39,出畑 実,64,新,,,,
南関東ブロック,自民党,40,小林 博次,44,新,,,,
東京ブロック,自民党,1,山田 美樹,40,前,東京都1区,https://twitter.com/yamada_miki,https://www.facebook.com/mikiprofile,http://miki-yamada.com/blog
東京ブロック,自民党,1,辻 清人,35,前,東京都2区,https://twitter.com/tujikiyoto,https://www.facebook.com/kiyototsujitokyo2nd,http://k-tsuji.jp/
東京ブロック,自民党,1,石原 宏高,50,前,東京都3区,https://twitter.com/ishiharahirotak,https://www.facebook.com/ishihara.hirotaka.18,http://www.ishihara-hirotaka.com
東京ブロック,自民党,1,平 将明,47,前,東京都4区,https://twitter.com/TAIRAMASAAKI,https://ja-jp.facebook.com/tairamasaaki,http://www.taira-m.jp/
東京ブロック,自民党,1,若宮 健嗣,53,前,東京都5区,https://twitter.com/wakamiya7788,,http://www.k-wakamiya.com/
東京ブロック,自民党,1,越智 隆雄,50,前,東京都6区,https://twitter.com/ochitakao,https://ja-jp.facebook.com/takao.ochi.9?fref=ts,https://www.facebook.com/takao.ochi
東京ブロック,自民党,1,松本 文明,65,前,東京都7区,,https://www.facebook.com/matsumoto.fumiaki,http://f-matsumoto.net/
東京ブロック,自民党,1,石原 伸晃,57,前,東京都8区,https://twitter.com/IshiharaNobu,https://www.facebook.com/ishihara.nobuteru,http://www.nobuteru.or.jp
東京ブロック,自民党,1,菅原 一秀,52,前,東京都9区,https://twitter.com/sugawaraisshu,https://www.facebook.com/sugawaraisshu,http://www.isshu.net/
東京ブロック,自民党,1,小池 百合子,62,前,東京都10区,https://twitter.com/ecoyuri,https://www.facebook.com/yuriko.koike.96,http://www.yuriko.or.jp/
東京ブロック,自民党,1,下村 博文,60,前,東京都11区,,http://www.facebook.com/hakubun.shimomura,http://www.hakubun.biz/
東京ブロック,自民党,1,鴨下 一郎,65,前,東京都13区,,,https://www.kamoshita.gr.jp/
東京ブロック,自民党,1,松島 みどり,58,前,東京都14区,https://twitter.com/matusimamidori,,http://www.matsushima-midori.jp/
東京ブロック,自民党,1,秋元 司,43,前,東京都15区,https://twitter.com/akimoto_tsukasa,https://www.facebook.com/tsukasa.akimoto,http://www.akimoto-web.jp
東京ブロック,自民党,1,大西 英男,68,前,東京都16区,,https://www.facebook.com/0024hideo,http://onishi-hideo.com/
東京ブロック,自民党,1,平沢 勝栄,69,前,東京都17区,,,http://www.hirasawa.net
東京ブロック,自民党,1,土屋 正忠,72,前,東京都18区,,,
東京ブロック,自民党,1,松本 洋平,41,前,東京都19区,https://twitter.com/matsumoto_yohei,https://www.facebook.com/MatsumotoYohei.77,http://www012.upp.so-net.ne.jp/yohei/index.html
東京ブロック,自民党,1,木原 誠二,44,前,東京都20区,https://twitter.com/kihara_seiji,http://facebook.com/seiji.kihara,http://kiharaseiji.com/blog
東京ブロック,自民党,1,小田原 潔,50,前,東京都21区,https://twitter.com/odawarakiyoshi,http://www.facebook.com/pages/小田原きよし/319460971405607,http://odawarakiyoshi.jp
東京ブロック,自民党,1,伊藤 達也,53,前,東京都22区,https://twitter.com/tatsuyaito0501,https://www.facebook.com/tatsuya.ito.18,http://www.tatsuyaito.com/
東京ブロック,自民党,1,小倉 将信,33,前,東京都23区,https://twitter.com/masanobu_ogura,https://www.facebook.com/masanobu.ogura.9?ref=ts,https://www.ogura-m.jp/
東京ブロック,自民党,1,萩生田 光一,51,前,東京都24区,,http://www.facebook.com/koichi.hagiuda,http://www.ko-1.jp
東京ブロック,自民党,1,井上 信治,45,前,東京都25区,,,http://www.inoue-s.jp/
東京ブロック,自民党,25,鈴木 隼人,37,新,,,,
東京ブロック,自民党,26,前川 恵,39,新,,,,
東京ブロック,自民党,27,若狭 勝,58,新,,https://twitter.com/masaruwakasa,,http://www.wakasamasaru.jp/
東京ブロック,自民党,28,赤枝 恒雄,70,前,,,,
東京ブロック,自民党,29,田畑 毅,42,前,,,,
東京ブロック,自民党,30,金森 篤子,64,新,,,,
東京ブロック,自民党,31,石田 計夫,71,新,,,,
東京ブロック,新党改革,1,後藤 昌代,53,新,,https://twitter.com/sasha5103,https://www.facebook.com/masayo.goto.90,http://ameblo.jp/masayogoto
東京ブロック,新党改革,2,中川 幸司,34,新,,,,
東京ブロック,新党改革,3,藤野 靖,51,新,,,,
東京ブロック,新党改革,4,新尉 ジン,30,新,,https://twitter.com/jun_ibuki,,http://ameblo.jp/arai-jin
東京ブロック,次世代の党,1,山田 宏,56,前,東京都19区,https://twitter.com/yamazogaikuzo,https://www.facebook.com/yamadahiroshi.page,https://www.yamadahiroshi.com/blog/
東京ブロック,次世代の党,2,渡辺 徹,36,新,東京都1区,https://twitter.com/watanabetoru1,https://www.facebook.com/toruwatanabe.page,http://www.toru.net/
東京ブロック,次世代の党,2,犬伏 秀一,58,新,東京都4区,https://twitter.com/inuhide,https://ja-jp.facebook.com/inuhide,http://www.inubushi.com/
東京ブロック,次世代の党,2,吉田 康一郎,47,新,東京都7区,https://twitter.com/yoshidakoichiro,https://www.facebook.com/koichiro.yoshida.jp,http://k-yoshida.jp/
東京ブロック,次世代の党,2,田母神 俊雄,66,新,東京都12区,https://twitter.com/toshio_tamogami,https://www.facebook.com/tamogami29,http://www.toshio-tamogami.jp/
東京ブロック,次世代の党,2,石井 義哲,57,新,東京都16区,https://twitter.com/ishiiyoshiaki,https://www.facebook.com/yoshiaki.ishii.9655,http://ameblo.jp/ishii-yoshiaki/
東京ブロック,次世代の党,2,鹿野 晃,41,新,東京都22区,https://twitter.com/kano_akira1,https://www.facebook.com/kano.akira0,http://www.kano-akira.org/
東京ブロック,次世代の党,2,藤井 義裕,39,新,東京都24区,https://twitter.com/yoshihirofujii1,http://www.facebook.com/profile.php?id=100005549012636,http://www.yoshihirofujii.net
東京ブロック,次世代の党,9,石原 慎太郎,82,前,,,,http://www.sensenfukoku.net/
東京ブロック,民主党,1,海江田 万里,65,前,東京都1区,,https://www.facebook.com/banrikaieda,http://kaiedabanri.jp
東京ブロック,民主党,1,中山 義活,69,元,東京都2区,,,http://www.yoshikatsu.com
東京ブロック,民主党,1,松原 仁,58,前,東京都3区,,https://www.facebook.com/matsubara.jin.office,http://www.jin-m.com
東京ブロック,民主党,1,藤田 憲彦,41,元,東京都4区,https://twitter.com/fujitamin,https://ja-jp.facebook.com/fujitamin1,http://www.fujitanorihiko.jp/
東京ブロック,民主党,1,手塚 仁雄,48,元,東京都5区,,https://www.facebook.com/t440com,http://www.t440.com/
東京ブロック,民主党,1,長妻 昭,54,前,東京都7区,https://twitter.com/nagatsumaakira,https://www.facebook.com/nagatsumaakira,http://naga.tv/
東京ブロック,民主党,1,円 より子,67,新,東京都8区,https://twitter.com/madokayoriko,,http://www.madoka-yoriko.jp/
東京ブロック,民主党,1,江端 貴子,54,元,東京都10区,,,http://www.ebata-takako.jp
東京ブロック,民主党,1,熊木 美奈子,53,新,東京都11区,,,
東京ブロック,民主党,1,長谷川 貴子,41,新,東京都13区,https://twitter.com/hasegawa_takako,https://www.facebook.com/hasegawa.takako.adachi,http://takahase.weblogs.jp/
東京ブロック,民主党,1,木村 剛司,43,元,東京都14区,https://twitter.com/KimuraTaketsuka,https://www.facebook.com/kimurataketsuka,http://www.kimutake.jp
東京ブロック,民主党,1,菅 直人,68,前,東京都18区,https://twitter.com/NaotoKan,https://www.facebook.com/naoto.kan.offical,http://n-kan.jp/
東京ブロック,民主党,1,末松 義規,58,元,東京都19区,,,http://ameblo.jp/y-suematsu/
東京ブロック,民主党,1,竹田 光明,59,元,東京都20区,,https://facebook.com/takeda.mitsuaki,http://www.takeda-mitsuaki.net
東京ブロック,民主党,1,長島 昭久,52,前,東京都21区,https://twitter.com/nagashima21,https://ja-jp.facebook.com/aki.nagashima21,http://www.nagashima21.net
東京ブロック,民主党,1,山花 郁夫,47,元,東京都22区,,,http://yamahanaikuo.com/
東京ブロック,民主党,1,櫛渕 万里,47,元,東京都23区,https://twitter.com/kushibuchi,,http://kushibuchi-mari.com/
東京ブロック,民主党,1,阿久津 幸彦,58,元,東京都24区,,,http://www.akutsu.org
東京ブロック,民主党,1,山下 容子,56,新,東京都25区,,https://www.facebook.com/pages/山下ようこ/254632094661734,http://www.yamashita-yoko.com
東京ブロック,民主党,20,石毛 鍈子,76,元,,,,
東京ブロック,民主党,21,福村 隆,51,新,,,,
東京ブロック,民主党,22,早川 周作,37,新,,,,
東京ブロック,公明党,1,高木 陽介,54,前,,,,http://www.takagi21.com/
東京ブロック,公明党,2,高木 美智代,62,前,,,,http://www.michiyo-t.com/
東京ブロック,公明党,3,村中 克也,43,新,,,,
東京ブロック,公明党,4,荒神 享佑,37,新,,,,
東京ブロック,社民党,1,石川 大我,40,新,,,,
東京ブロック,維新の党,1,大熊 利昭,51,前,東京都2区,https://twitter.com/okumatoshiaki,https://www.facebook.com/toshiaki.okuma,https://www.okumatoshiaki.com/
東京ブロック,維新の党,1,落合 貴之,35,新,東京都6区,https://twitter.com/ochiaitakayuki,https://www.facebook.com/ochiaitakayuki.6,http://www.ochiaitakayuki.com/
東京ブロック,維新の党,1,木内 孝胤,48,元,東京都9区,https://twitter.com/takatanekiuchi,https://www.facebook.com/takatane.kiuchi,http://takatane.com/blog/category/activity/
東京ブロック,維新の党,1,柿沢 未途,43,前,東京都15区,https://twitter.com/310kakizawa,https://www.facebook.com/mito.kakizawa,http://www.310kakizawa.jp
東京ブロック,維新の党,1,初鹿 明博,45,元,東京都16区,https://twitter.com/AkiHatsushika,https://ja-jp.facebook.com/akihiro.hatsushika,http://www.hatsushika.net/
東京ブロック,維新の党,1,高橋 美穂,49,前,東京都17区,,https://www.facebook.com/miho.takahashi/,http://takahashi-miho.jp
東京ブロック,維新の党,1,伊藤 俊輔,35,新,東京都23区,,,http://www.i-shunsuke.com/
東京ブロック,幸福実現党,1,釈 量子,45,新,,https://twitter.com/shakuryoko,https://www.facebook.com/shakuryoko,http://shaku-ryoko.net/
東京ブロック,幸福実現党,2,トクマ,48,新,,https://twitter.com/tokma555 ,https://www.facebook.com/tokma.jp,http://tokma.jp/
東京ブロック,幸福実現党,3,吉井 利光,32,新,,https://twitter.com/toshi_yoshii777,https://www.facebook.com/toshimitsu.yoshii.7,http://ameblo.jp/toshi-yoshii777/
東京ブロック,幸福実現党,4,伊藤 希望,30,新,,,https://www.facebook.com/nozomi.ito.3572?fref=ts,http://ameblo.jp/itonozomi/
東京ブロック,生活の党,1,多ケ谷 亮,46,新,東京都10区,https://twitter.com/RyoTagaya,https://www.facebook.com/ryotagaya10?ref=bookmarks,
東京ブロック,生活の党,1,青木 愛,49,前,東京都12区,https://twitter.com/aoki12ku,https://www.facebook.com/aoki12ai,http://www.aoki-ai.com/
東京ブロック,生活の党,3,川島 智太郎,50,元,,https://twitter.com/tomotaro_japan,https://facebook.com/tomotarou.kawashima,http://www.tomotaro.org
東京ブロック,共産党,1,笠井 亮,62,前,,https://twitter.com/akibacsi,http://www.facebook.com/akira.kasai1,
東京ブロック,共産党,2,宮本 徹,42,新,,https://twitter.com/miyamototooru,,
東京ブロック,共産党,3,池内 沙織,32,新,東京都12区,https://twitter.com/ikeuchi_saori,,http://saori-ikeuchi.com/
東京ブロック,共産党,4,坂井 和歌子,37,新,,https://twitter.com/waka929,,
東京ブロック,共産党,5,大田 朝子,30,新,東京都16区,https://twitter.com/assa_bonin,,
東京ブロック,共産党,6,吉岡 正史,40,新,東京都21区,https://twitter.com/masafumi_yoshi,https://www.facebook.com/masafumi.yoshioka.5,http://blog.goo.ne.jp/yosshi-m_1974
北陸信越ブロック,共産党,1,藤野 保史,44,新,,https://twitter.com/FujinoFujinooo,https://www.facebook.com/fujino.yasufumi,http://fujino.jcpweb.net/
北陸信越ブロック,共産党,2,上田 秀昭,60,新,長野県4区,,https://www.facebook.com/hideaki.ueda.98,http://blogs.yahoo.co.jp/nagano4ku_jcp
北陸信越ブロック,民主党,1,西村 智奈美,47,元,新潟県1区,https://twitter.com/chinami_niigata,http://www.facebook.com/chinami.nishimura,http://www.chinami.net
北陸信越ブロック,民主党,1,鷲尾 英一郎,37,前,新潟県2区,,https://www.facebook.com/pages/%E8%A1%86%E8%AD%B0%E9%99%A2%E8%AD%B0%E5%93%A1-%E3%82%8F%E3%81%97%E3%81%8A%E8%8B%B1%E4%B8%80%E9%83%8E/211206912260888,http://www.washio-e.jp
北陸信越ブロック,民主党,1,黒岩 宇洋,48,元,新潟県3区,https://twitter.com/kurotakahiro1,https://www.facebook.com/takahiro.kuroiwa.94,http://www.t-kuroiwa.jp/
北陸信越ブロック,民主党,1,菊田 真紀子,45,前,新潟県4区,,,http://www.kikuta-makiko.net/
北陸信越ブロック,民主党,1,梅谷 守,41,新,新潟県6区,https://twitter.com/umetani_m,https://www.facebook.com/mamoru.umetani.1,http://www.umetani.net/blog/
北陸信越ブロック,民主党,1,田中 美絵子,38,元,石川県1区,,https://www.facebook.com/mieko.tanaka.370,http://www.tanakamieko.jp/
北陸信越ブロック,民主党,1,近藤 和也,41,元,石川県3区,,,http://www.kondokazuya.com
北陸信越ブロック,民主党,1,辻 一憲,49,新,福井県2区,,https://www.facebook.com/ryokuju,http://tsuji-kazunori.jp
北陸信越ブロック,民主党,1,篠原 孝,66,前,長野県1区,,,http://www.shinohara21.com/blog/
北陸信越ブロック,民主党,1,下条 みつ,58,元,長野県2区,,,http://mitsu-net.com/
北陸信越ブロック,民主党,1,寺島 義幸,61,前,長野県3区,https://twitter.com/tera3yoshiyuki,,http://tera-3.com/
北陸信越ブロック,民主党,1,矢崎 公二,55,元,長野県4区,,,http://yazakick.jp/
北陸信越ブロック,民主党,1,中嶋 康介,37,新,長野県5区,,,
北陸信越ブロック,民主党,14,一川 保夫,72,元,,https://twitter.com/ichikawa_yasuo,https://www.facebook.com/people/Yasuo-Ichikawa/100005629091465,
北陸信越ブロック,民主党,15,村田 正示,71,新,,,,
北陸信越ブロック,社民党,1,渡辺 英明,64,新,新潟県2区,https://twitter.com/watanabe_h0425,,
北陸信越ブロック,社民党,1,東 篤,54,新,富山県2区,,,http://a-azuma.org
北陸信越ブロック,社民党,3,石合 祐太,25,新,,,https://www.facebook.com/isiai.yuuta,http://ishiaikamishina.jimdo.com/
北陸信越ブロック,生活の党,1,森 ゆうこ,58,新,新潟県5区,https://twitter.com/moriyukogiin,https://www.facebook.com/yuko.mori.75873,http://www.mori-yuko.com/
北陸信越ブロック,生活の党,2,河上 満栄,43,元,,https://twitter.com/kawakamimitsue,,
北陸信越ブロック,自民党,1,山本 拓,62,前,,,,http://yamamototaku.jp
北陸信越ブロック,自民党,2,石崎 徹,30,前,新潟県1区,https://twitter.com/TohruIshizaki,http://www.facebook.com/ishizaki.tohru,http://www.tohru-ishizaki.com/
北陸信越ブロック,自民党,2,細田 健一,50,前,新潟県2区,https://twitter.com/hosoda_kenichi,,http://hosoda-kenichi.jp/
北陸信越ブロック,自民党,2,斎藤 洋明,38,前,新潟県3区,https://twitter.com/saito_hiroaki_,http://www.facebook.com/saitohiroaki2,http://www.saitoh-hiroaki.jp
北陸信越ブロック,自民党,2,金子 恵美,36,前,新潟県4区,,https://www.facebook.com/megukin,http://kanekomegumi.net/
北陸信越ブロック,自民党,2,長島 忠美,63,前,新潟県5区,https://twitter.com/nagashima_t,,http://naga-yama.net/
北陸信越ブロック,自民党,2,高鳥 修一,54,前,新潟県6区,,https://www.facebook.com/shuichi.takatori,http://takatori55jim.wordpress.com/
北陸信越ブロック,自民党,2,田畑 裕明,41,前,富山県1区,,https://www.facebook.com/tabatahiroakiteam,https://tabatahiroaki.com
北陸信越ブロック,自民党,2,宮腰 光寛,63,前,富山県2区,,,http://www.mituhiro.com
北陸信越ブロック,自民党,2,橘 慶一郎,53,前,富山県3区,,https://www.facebook.com/tachibana.keiichirou,http://www.t-k1.net
北陸信越ブロック,自民党,2,馳 浩,53,前,石川県1区,,https://www.facebook.com/hasehiroshi.kousiki,http://ameblo.jp/hase-hiroshi/
北陸信越ブロック,自民党,2,佐々木 紀,40,前,石川県2区,,http://www.facebook.com/start.sasaki.hajime?hc_location=timeline,http://sasaki-hajime.jp
北陸信越ブロック,自民党,2,北村 茂男,69,前,石川県3区,,https://www.facebook.com/kitamurashigeo,
北陸信越ブロック,自民党,2,稲田 朋美,55,前,福井県1区,,https://www.facebook.com/tomomi.inada.5,http://www.inada-tomomi.com/
北陸信越ブロック,自民党,2,高木 毅,58,前,福井県2区,,https://www.facebook.com/tsuyoshi.takagi.56?fref=ts,http://www.takagitsuyoshi.com/
北陸信越ブロック,自民党,2,小松 裕,53,前,長野県1区,https://twitter.com/komatsu_yutaka,https://www.facebook.com/komatsu.yutaka,http://www.komatsuyutaka.com/
北陸信越ブロック,自民党,2,務台 俊介,58,前,長野県2区,https://twitter.com/mutaishunsuke,http://www.facebook.com/mutai.shunsuke,http://www.mutai-shunsuke.jp
北陸信越ブロック,自民党,2,木内 均,50,前,長野県3区,https://twitter.com/kiuchi_hitoshi,https://www.facebook.com/hitoshi.kiuchi.9,http://www.kiuchihitoshi.jp/
北陸信越ブロック,自民党,2,後藤 茂之,59,前,長野県4区,,,http://www.510.to/
北陸信越ブロック,自民党,2,宮下 一郎,56,前,長野県5区,,https://www.facebook.com/miyashita.ichiro,https://www.m-ichiro.jp/
北陸信越ブロック,自民党,21,助田 重義,54,前,,,https://www.facebook.com/sukeda.office.fukui,
北陸信越ブロック,自民党,22,佐藤 俊,33,新,,,,
北陸信越ブロック,自民党,23,田伏 加南代,72,新,,,,
北陸信越ブロック,自民党,24,中森 福代,65,元,,,,
北陸信越ブロック,自民党,25,轟 好人,65,新,,,,
北陸信越ブロック,維新の党,1,吉田 豊史,44,新,富山県1区,https://twitter.com/yoshidatoyo23,,http://toyo23.net/
北陸信越ブロック,維新の党,1,鈴木 宏治,41,新,福井県1区,,http://www.facebook.com/koji.suzuki.office?fref=ts,http://koji-suzuki.com/
北陸信越ブロック,維新の党,1,百瀬 智之,31,前,長野県2区,,https://www.facebook.com/momose2012,http://momosenet.jp/
北陸信越ブロック,維新の党,1,井出 庸生,37,前,長野県3区,https://twitter.com/yousei_ide,https://www.facebook.com/yousei.ide,https://yousei-ide.com/
北陸信越ブロック,維新の党,5,近江屋 信広,65,元,,,,
北陸信越ブロック,公明党,1,漆原 良夫,70,前,,,,http://www.urusan.net
北陸信越ブロック,公明党,2,田島 公一,41,新,,,,
北陸信越ブロック,次世代の党,1,宮沢 隆仁,59,前,長野県1区,https://twitter.com/tmiyazawa007,https://www.facebook.com/nagano.miyazawa,http://miyazawa-takahito.o.oo7.jp/
北陸信越ブロック,幸福実現党,1,七海 ひろこ,30,新,,,https://www.facebook.com/profile.php?id=100006373508647&fref=ts,
北陸信越ブロック,幸福実現党,2,吉田 かをる,59,新,,https://twitter.com/kawoyosida,http://www.facebook.com/kaworu.yoshida.9,http://ameblo.jp/yoshida-kaworu/
北陸信越ブロック,幸福実現党,3,横井 基至,34,新,,https://twitter.com/motoyukiyokoi,http://www.facebook.com/motoyuki.yokoi,http://ameblo.jp/motoyukiyokoi
東海ブロック,幸福実現党,1,伊田 信光,62,新,,,https://www.facebook.com/Ida.Shinkou.HR?fref=ts,http://ida-shinkou.com/
東海ブロック,幸福実現党,2,中根 裕美,40,新,,https://twitter.com/NakaneHiromi,https://www.facebook.com/nakane.hiromi,http://nakanehiromi.blog.fc2.com
東海ブロック,幸福実現党,3,江頭 俊満,51,新,,https://twitter.com/egasiratosimitu,http://www.facebook.com/tosimitu.egasira,http://blogs.yahoo.co.jp/tosimitu1962
東海ブロック,幸福実現党,4,野原 典子,58,新,,,,
東海ブロック,幸福実現党,5,山本 純子,46,新,,,,
東海ブロック,社民党,1,山 登志浩,34,新,,https://twitter.com/toshihiroyama,https://www.facebook.com/toshihiro.yama.5,http://www.yamatoshihiro.com/
東海ブロック,維新の党,1,今井 雅人,52,前,岐阜県4区,https://twitter.com/imai_masato,https://www.facebook.com/masato.imai.7,http://www.imai-masato.com/
東海ブロック,維新の党,1,小池 政就,40,前,静岡県1区,https://twitter.com/Masanari_Koike,https://www.facebook.com/koikemasanari,http://mkoike.cocolog-nifty.com/
東海ブロック,維新の党,1,源馬 謙太郎,41,新,静岡県8区,https://twitter.com/gemmakentaro,https://www.facebook.com/gemma.kentaro,http://gemma-kentaro.com/
東海ブロック,維新の党,1,牧 義夫,56,元,愛知県4区,https://twitter.com/yoshiomaki758,https://www.facebook.com/maki.office,http://makiyoshio.jp/index.html
東海ブロック,維新の党,1,重徳 和彦,43,前,愛知県12区,https://twitter.com/shigetoku2,https://www.facebook.com/kazuhiko.shigetoku,http://www.shigetoku.jp/
東海ブロック,維新の党,1,松田 直久,60,新,三重県1区,,,http://www.n-matsuda.jp
東海ブロック,維新の党,7,佐藤 暁,53,新,,,,
東海ブロック,次世代の党,1,藤井 孝男,71,前,,,,
東海ブロック,次世代の党,2,安田 庄一,47,新,愛知県5区,,https://www.facebook.com/yasudashoichi.jp,http://yasuda-shoichi.jp
東海ブロック,次世代の党,2,身玉山 宗三郎,41,新,愛知県1区,,http://www.facebook.com/Mitamayama.Seisakukenkyukai,http://mitamayama.jp
東海ブロック,次世代の党,4,深尾 浩紹,51,新,,https://twitter.com/HiroFukao,https://www.facebook.com/fukaoh,http://www.fukaohiro.com/
東海ブロック,次世代の党,5,今井 良博,64,新,,,,
東海ブロック,共産党,1,本村 伸子,42,新,,https://twitter.com/motomura_nobuko,https://www.facebook.com/nobuko.motomura.3,http://motomura.jcp-aichi.jp/
東海ブロック,共産党,2,島津 幸広,58,新,,,,http://www.jcp-shizuoka.jp/shimazu
東海ブロック,共産党,3,大野 宙光,51,新,愛知県1区,,https://www.facebook.com/hiromitsu.ohno.7,http://katsujiizon.cocolog-nifty.com/electoral_zone1/
東海ブロック,共産党,4,高橋 祐介,36,新,愛知県4区,https://twitter.com/you_t2,https://www.facebook.com/yuusuke.takahashi.3766,http://jcp-yusuke.com/
東海ブロック,公明党,1,大口 善徳,59,前,,,https://www.facebook.com/OguchiYoshinori,http://www.oguchi.gr.jp/
東海ブロック,公明党,2,伊藤 渉,45,前,,https://twitter.com/ito_wataru,https://www.facebook.com/itoo.wataru,http://www.ito-wataru.com
東海ブロック,公明党,3,中川 康洋,46,新,,,,http://www.komei.or.jp/km/yokkaichi-nakagawa-yasuhiro
東海ブロック,公明党,4,五十嵐 雅之,31,新,,,,
東海ブロック,公明党,5,柳瀬 進一,47,新,,,,
東海ブロック,生活の党,1,渡辺 義彦,58,元,,https://twitter.com/watanabe_55,https://www.facebook.com/watanabe.yoshihiko.9?v=wall,http://active.nabe-yoshihiko.main.jp/
東海ブロック,民主党,1,中根 康浩,52,前,,https://twitter.com/shinshin1962,https://www.facebook.com/yasuhiro.nakane.948,http://www.nakane.jp
東海ブロック,民主党,2,吉田 里江,49,新,岐阜県1区,,,http://www.yoshidarie.net
東海ブロック,民主党,2,園田 康博,47,元,岐阜県3区,https://twitter.com/sonodayasuhiro,https://www.facebook.com/yasuhiro.sonoda.58,http://homepage3.nifty.com/yy-sonoda/
東海ブロック,民主党,2,阿知波 吉信,51,元,岐阜県5区,,,http://www.achiha.jp/
東海ブロック,民主党,2,牧野 聖修,69,元,静岡県1区,,,http://www.seishu.org/
東海ブロック,民主党,2,松尾 勉,30,新,静岡県2区,,,http://matsuo-tsutomu.jp/
東海ブロック,民主党,2,小山 展弘,38,元,静岡県3区,,,
東海ブロック,民主党,2,田村 謙治,46,元,静岡県4区,https://twitter.com/tamukenshizuoka,https://www.facebook.com/tamuken.net,http://www.tamuken.net/diary
東海ブロック,民主党,2,渡辺 周,53,前,静岡県6区,,https://facebook.com/watanabeshugiin,http://www.watanabeshu.org/
東海ブロック,民主党,2,松本 泰高,67,新,静岡県7区,,,
東海ブロック,民主党,2,吉田 統彦,40,元,愛知県1区,,https://www.facebook.com/profile.php?id=100006068624077,http://www.yoshitsune-kai.jp/
東海ブロック,民主党,2,古川 元久,49,前,愛知県2区,https://twitter.com/Fullgen,https://www.facebook.com/FurukawaMotohisa,http://ameblo.jp/furukawa-motohisa/
東海ブロック,民主党,2,近藤 昭一,56,前,愛知県3区,,,http://www.kon-chan.org
東海ブロック,民主党,2,刀禰 勝之,44,新,愛知県4区,https://twitter.com/tonekatsuyuki,https://www.facebook.com/katsuyuki.tone,http://www.tonekatsuyuki.jp/
東海ブロック,民主党,2,赤松 広隆,66,前,愛知県5区,,,
東海ブロック,民主党,2,森本 和義,48,元,愛知県6区,,http://www.facebook.com/morimoto.kazuyoshi,
東海ブロック,民主党,2,山尾 志桜里,40,元,愛知県7区,https://twitter.com/ShioriYamao,https://www.facebook.com/yamaoshiori,http://www.yamaoshiori.jp/
東海ブロック,民主党,2,伴野 豊,53,元,愛知県8区,,http://www.facebook.com/banno2000,http://bannoyutaka.jp
東海ブロック,民主党,2,岡本 充功,43,元,愛知県9区,,,http://www.mitsunori.net/
東海ブロック,民主党,2,小林 弘子,75,新,愛知県10区,,,
東海ブロック,民主党,2,古本 伸一郎,49,前,愛知県11区,,http://www.facebook.com/furumoto.shinichiro,http://s-furumoto.net
東海ブロック,民主党,2,大西 健介,43,前,愛知県13区,,http://www.facebook.com/kensuke.onishi1,http://www.oniken-web.jp
東海ブロック,民主党,2,鈴木 克昌,71,前,愛知県14区,,https://www.facebook.com/katsumasa.suzuki.39,http://suzuki-katsumasa.jp
東海ブロック,民主党,2,関 健一郎,36,新,愛知県15区,https://twitter.com/SekiKenichiro,https://www.facebook.com/SekiKenichiro88,http://seki-kenichiro.jp/
東海ブロック,民主党,2,中川 正春,64,前,三重県2区,,https://www.facebook.com/nakagawa.masaharu,http://www.masaharu.gr.jp
東海ブロック,民主党,2,岡田 克也,61,前,三重県3区,,https://www.facebook.com/katsuyaokada,http://www.katsuya.net
東海ブロック,民主党,2,藤田 大助,38,元,三重県5区,,https://www.facebook.com/fujitadaisuke,http://www.f-daisuke.jp
東海ブロック,民主党,28,金森 正,77,元,,,,
東海ブロック,民主党,29,野沢 和彦,52,新,,,,
東海ブロック,自民党,1,野田 聖子,54,前,岐阜県1区,,https://www.facebook.com/noda.seiko,http://www.noda-seiko.gr.jp/
東海ブロック,自民党,1,棚橋 泰文,51,前,岐阜県2区,,,
東海ブロック,自民党,1,武藤 容治,59,前,岐阜県3区,https://twitter.com/mutouyouji,facebook.com/youji.mutou.1,http://www.mutou-youji
東海ブロック,自民党,1,金子 一義,71,前,岐阜県4区,,,
東海ブロック,自民党,1,古屋 圭司,62,前,岐阜県5区,,https://www.facebook.com/furuyakeiji,http://www.furuya-keiji.jp/
東海ブロック,自民党,1,上川 陽子,61,前,静岡県1区,,,http://www.kamikawayoko.net/
東海ブロック,自民党,1,井林 辰憲,38,前,静岡県2区,,,
東海ブロック,自民党,1,宮沢 博行,39,前,静岡県3区,,,
東海ブロック,自民党,1,望月 義夫,67,前,静岡県4区,,,http://www.m-yoshio.com/
東海ブロック,自民党,1,吉川 赳,32,前,静岡県5区,,,
東海ブロック,自民党,1,勝俣 孝明,38,前,静岡県6区,https://twitter.com/takaaki_katsu,https://www.facebook.com/people/Katsumata-Takaaki/100002449220587,http://www.t-katsumata.com/
東海ブロック,自民党,1,城内 実,49,前,静岡県7区,,,http://www.m-kiuchi.com/
東海ブロック,自民党,1,塩谷 立,64,前,静岡県8区,,https://www.facebook.com/shionoya.ryu,http://www.ryu48.gr.jp/
東海ブロック,自民党,1,熊田 裕通,50,前,愛知県1区,https://twitter.com/kumadahiromichi,https://www.facebook.com/hiromichi.kumada.1,http://www.kumada-hiromichi.com/
東海ブロック,自民党,1,東郷 哲也,43,前,愛知県2区,,https://www.facebook.com/togotetsuya,http://www.togotetsuya.com
東海ブロック,自民党,1,池田 佳隆,48,前,愛知県3区,https://twitter.com/ikeda_0620,https://www.facebook.com/yoshitaka.ikeda.902,http://ikeda-yoshitaka.jp
東海ブロック,自民党,1,工藤 彰三,50,前,愛知県4区,,https://www.facebook.com/kudoshozo,http://www.kudoshozo.jp/
東海ブロック,自民党,1,神田 憲次,51,前,愛知県5区,,https://www.facebook.com/kandakenji21/,http://www.kanda-kenji.jp/
東海ブロック,自民党,1,丹羽 秀樹,41,前,愛知県6区,https://twitter.com/niwahideki,https://www.facebook.com/hideki.niwa.148,http://blog.2wa.jp/
東海ブロック,自民党,1,鈴木 淳司,56,前,愛知県7区,,https://www.facebook.com/junji.suzuki.39?fref=ts,http://suzukaze.net/
東海ブロック,自民党,1,伊藤 忠彦,50,前,愛知県8区,,https://www.facebook.com/itoh.tadahiko,http://tadahiko-itoh.com
東海ブロック,自民党,1,長坂 康正,57,前,愛知県9区,,,http://nagasakayasumasa.mie1.net/
東海ブロック,自民党,1,江崎 鉄磨,71,前,愛知県10区,,,http://www.tetsuma-net.com/
東海ブロック,自民党,1,八木 哲也,67,前,愛知県11区,,http://www.facebook.com/aichi11.yagi,http://yagi-tetsuya.net/
東海ブロック,自民党,1,青山 周平,37,前,愛知県12区,,https://www.facebook.com/pages/青山周平事務所/711415588905921,http://aoyama-shuhei.jp
東海ブロック,自民党,1,大見 正,56,前,愛知県13区,https://twitter.com/ohmisei,,http://www.geocities.jp/bnn00434/
東海ブロック,自民党,1,今枝 宗一郎,30,前,愛知県14区,https://twitter.com/imaeda_soichiro,https://www.facebook.com/soichiro.imaeda,http://www.imaeda-sou.com/category/no-category/
東海ブロック,自民党,1,根本 幸典,49,前,愛知県15区,,,http://ameblo.jp/yukinori-nemoto/
東海ブロック,自民党,1,川崎 二郎,67,前,三重県1区,,,http://www.kawasaki-jiro.ne.jp/
東海ブロック,自民党,1,島田 佳和,44,前,三重県2区,,https://www.facebook.com/yoshikazu.shimada.52,http://y-shimada.jp
東海ブロック,自民党,1,嶋田 幸司,40,新,三重県3区,,,http://shimada-kouji.com
東海ブロック,自民党,1,田村 憲久,50,前,三重県4区,,,http://www.tamura-norihisa.jp
東海ブロック,自民党,33,浅田 恵理,33,新,,,,
東海ブロック,自民党,34,川田 隆,57,前,,,,
東海ブロック,自民党,35,竹内 公子,64,新,,,,
東海ブロック,自民党,36,桜井 宏,58,前,,,,http://sakurai-hiroshi.jp
東海ブロック,自民党,37,佐橋 靖隆,63,新,,,,
東海ブロック,自民党,38,速水 桂二,53,新,,,,
近畿ブロック,幸福実現党,1,及川 幸久,54,新,,,,
近畿ブロック,幸福実現党,2,数森 圭吾,35,新,,,https://www.facebook.com/keigo.kazumori?fref=ts,http://s.ameblo.jp/nfk-go/
近畿ブロック,幸福実現党,3,湊 侑子,31,新,,,,
近畿ブロック,幸福実現党,4,植松 満雄,56,新,,https://twitter.com/mitsuo_uematsu,https://www.facebook.com/mitsuo.uematsu.1,http://uematsumitsuo.blog65.fc2.com
近畿ブロック,幸福実現党,5,荒川 雅司,39,新,,,https://www.facebook.com/people/Masashi-Arakawa/100005211330715,http://ameblo.jp/kerykeion777
近畿ブロック,幸福実現党,6,田中 孝子,59,新,,,,http://ameblo.jp/tanakatakako
近畿ブロック,維新の党,1,小沢 鋭仁,60,前,,https://twitter.com/ozawasakihito,http://goo.gl/Ax0N6M,http://www.e-ozawa.net
近畿ブロック,維新の党,2,岩永 裕貴,41,前,滋賀県4区,,https://www.facebook.com/hiroki.iwanaga.378,http://www.iwanagahiroki.net
近畿ブロック,維新の党,2,田坂 幾太,62,新,京都府1区,https://twitter.com/TasakaIkuta,,http://www.i-tasaka.jp
近畿ブロック,維新の党,2,清水 鴻一郎,68,前,京都府3区,,https://www.facebook.com/shimizukoichiro,http://www.dr-shimizu.jp
近畿ブロック,維新の党,2,畑本 久仁枝,60,新,京都府4区,https://twitter.com/hatamoto_kunie,https://ja-jp.facebook.com/kuniehatamoto7623,http://jin-hatamoto.jp/
近畿ブロック,維新の党,2,井上 英孝,43,前,大阪府1区,https://twitter.com/hidetaka_i,https://www.facebook.com/inouehidetaka.ishin,http://www.hidetaka-inoue.com/
近畿ブロック,維新の党,2,椎木 保,48,前,大阪府2区,,https://www.facebook.com/pages/%E3%81%97%E3%81%84%E3%81%8D%E3%81%9F%E3%82%82%E3%81%A4%E5%BE%8C%E6%8F%B4%E4%BC%9A/558623767560015,http://shiiki-tamotsu.jp/
近畿ブロック,維新の党,2,吉村 洋文,39,新,大阪府4区,,,http://blog.yoshimura-hirofumi.com/
近畿ブロック,維新の党,2,上西 小百合,31,前,大阪府7区,,https://www.facebook.com/uenishi.sayuri,http://uenishi-sayuri.com/
近畿ブロック,維新の党,2,木下 智彦,45,前,大阪府8区,https://twitter.com/tommykun01,https://www.facebook.com/KinoshitaIshin,https://kinoshita-tomohiko.net
近畿ブロック,維新の党,2,足立 康史,49,前,大阪府9区,https://twitter.com/adachiyasushi,https://www.facebook.com/issue.net,http://ameblo.jp/adachiyasushi/
近畿ブロック,維新の党,2,松浪 健太,43,前,大阪府10区,https://twitter.com/matsunamikenta,https://www.facebook.com/matsunami.kenta,http://ameblo.jp/kenta-dosyusei
近畿ブロック,維新の党,2,伊東 信久,50,前,大阪府11区,,https://m.facebook.com/itonobuhisa0104,https://n-ito.jp/
近畿ブロック,維新の党,2,堅田 壮一郎,28,新,大阪府12区,,https://www.facebook.com/soichiro.katada,
近畿ブロック,維新の党,2,谷畑 孝,67,前,大阪府14区,,,http://www.tanihata.net
近畿ブロック,維新の党,2,浦野 靖人,41,前,大阪府15区,https://twitter.com/uranoyasuto,http://www.facebook.com/yasuto.urano,
近畿ブロック,維新の党,2,馬場 伸幸,49,前,大阪府17区,,,https://www.baba-nobuyuki.com/
近畿ブロック,維新の党,2,遠藤 敬,46,前,大阪府18区,,https://www.facebook.com/people/遠藤敬/100007432056229,http://blog.livedoor.jp/akitadog/
近畿ブロック,維新の党,2,丸山 穂高,30,前,大阪府19区,https://twitter.com/maruyamahodaka,https://www.facebook.com/maruyamahodaka,http://blog.livedoor.jp/maruyamahodaka/
近畿ブロック,維新の党,2,井坂 信彦,40,前,兵庫県1区,,,
近畿ブロック,維新の党,2,新原 秀人,52,前,兵庫県3区,,,
近畿ブロック,維新の党,2,永井 寿也,41,新,兵庫県4区,,,
近畿ブロック,維新の党,2,三木 圭恵,48,前,兵庫県5区,,,http://mikikee55.com/
近畿ブロック,維新の党,2,畠中 光成,42,前,兵庫県7区,https://twitter.com/hatanaka_mitsu,https://www.facebook.com/hatanaka.mitsunari,http://hatanaka.hyogo.jp
近畿ブロック,維新の党,2,松井 雅博,35,新,兵庫県10区,,,http://blog.livedoor.jp/masahiro_matsui/
近畿ブロック,維新の党,2,村上 賀厚,55,新,兵庫県12区,,https://www.facebook.com/ishinmurakami,
近畿ブロック,維新の党,2,栗原 絵里子,46,新,奈良県3区,https://twitter.com/erikokurihara,https://www.facebook.com/nekonohako,
近畿ブロック,維新の党,2,阪口 直人,51,前,和歌山県2区,https://twitter.com/Sakaguchi_Naoto,,http://www.naotosakaguchi.com
近畿ブロック,次世代の党,1,西野 弘一,45,前,大阪府13区,https://twitter.com/nishino_koichi,,http://www.koichi-nishino.com/
近畿ブロック,次世代の党,1,三宅 博,64,前,大阪府14区,https://twitter.com/_MiyakeHiroshi_,http://www.facebook.com/miyakehiroshi507,http://www.miyakehiroshi.net
近畿ブロック,次世代の党,1,西村 真悟,66,前,大阪府16区,,,http://www.n-shingo.com/
近畿ブロック,次世代の党,1,杉田 水脈,47,前,兵庫県6区,https://twitter.com/miosugita,http://www.facebook.com/mio.sugita.5,http://blog.livedoor.jp/sugitamio/
近畿ブロック,次世代の党,5,上田 孝之,56,新,大阪府8区,,,http://www.ueda-takayuki.net
近畿ブロック,次世代の党,5,和田 有一朗,50,新,兵庫県3区,,,
近畿ブロック,自民党,1,大岡 敏孝,42,前,滋賀県1区,,https://www.facebook.com/toshitaka.ooka,https://oooka.com/blog
近畿ブロック,自民党,1,上野 賢一郎,49,前,滋賀県2区,https://twitter.com/Ueno_Kenichiro,https://www.facebook.com/profile.php?id=100003561880790,http://uenokenichiro.jp
近畿ブロック,自民党,1,武村 展英,42,前,滋賀県3区,,,http://nobuhide.com
近畿ブロック,自民党,1,武藤 貴也,35,前,滋賀県4区,https://twitter.com/takaya_mutou,https://facebook.com/takaya-mutou.7,http://ameblo.jp/mutou-takaya/
近畿ブロック,自民党,1,上中 康司,52,新,京都府2区,https://twitter.com/uenakakoji,http://www.facebook.com/kojiuenaka,http://uenakakoji.com
近畿ブロック,自民党,1,宮崎 謙介,33,前,京都府3区,https://twitter.com/kensuke_kyoto,http://www.facebook.com/miyazaki.kensuke,http://kensuke.me/
近畿ブロック,自民党,1,田中 英之,44,前,京都府4区,,https://ja-jp.facebook.com/hideyuki.tanaka.790,http://www.tanakahideyuki.jp/
近畿ブロック,自民党,1,谷垣 禎一,69,前,京都府5区,,,http://tanigaki-s.net/
近畿ブロック,自民党,1,安藤 裕,49,前,京都府6区,https://twitter.com/andouhiroshi,https://www.facebook.com/office.ando.hiroshi,https://www.andouhiroshi.jp/
近畿ブロック,自民党,1,大西 宏幸,47,新,大阪府1区,https://twitter.com/onishi_hiroyuki,http://www.facebook.com/hiroyuki.onishi.37,http://ameblo.jp/onishi-h/
近畿ブロック,自民党,1,左藤 章,63,前,大阪府2区,,,
近畿ブロック,自民党,1,中山 泰秀,44,前,大阪府4区,https://twitter.com/iloveyatchan,https://www.facebook.com/yasuhide.nakayama,http://www.iloveosaka.jp/
近畿ブロック,自民党,1,渡嘉敷 奈緒美,52,前,大阪府7区,https://twitter.com/naomi_tokashiki,https://www.facebook.com/naomi.tokashiki.7?fref=ts,http://naomitokas.exblog.jp
近畿ブロック,自民党,1,大塚 高司,50,前,大阪府8区,,,http://www.otsuka001.com/
近畿ブロック,自民党,1,原田 憲治,66,前,大阪府9区,https://twitter.com/harada_kenji/,http://www.facebook.com/kenji.harada.12,http://haradakenji.com/
近畿ブロック,自民党,1,大隈 和英,45,新,大阪府10区,,https://www.facebook.com/kowcuma,http://www.okuma10.com/
近畿ブロック,自民党,1,佐藤 ゆかり,53,元,大阪府11区,https://twitter.com/satoyukari,http://www.facebook.com/satoyukari.japan,http://ameblo.jp/sato-yukari
近畿ブロック,自民党,1,北川 知克,63,前,大阪府12区,,,http://www.k-tomokatsu.com
近畿ブロック,自民党,1,宗清 皇一,44,新,大阪府13区,https://twitter.com/munekiyoOffice,,http://www.hct.zaq.ne.jp/munekiyo/
近畿ブロック,自民党,1,長尾 敬,52,元,大阪府14区,https://twitter.com/takashinagao,http://www.facebook.com/tnagao21,http://blog.goo.ne.jp/japan-n
近畿ブロック,自民党,1,岡下 昌平,39,新,大阪府17区,,,http://ameblo.jp/okashita-shohei/
近畿ブロック,自民党,1,神谷 昇,65,新,大阪府18区,,http://facebook.com/noboru.kamitani,http://noboru-kamitani.com/
近畿ブロック,自民党,1,谷川 とむ,38,新,大阪府19区,https://twitter.com/Tom_Tanigawa,https://ja-jp.facebook.com/tanigawa.tom,http://www.tanigawatom.com/blog/
近畿ブロック,自民党,1,盛山 正仁,61,前,兵庫県1区,,,
近畿ブロック,自民党,1,関 芳弘,49,前,兵庫県3区,,,
近畿ブロック,自民党,1,藤井 比早之,43,前,兵庫県4区,,,
近畿ブロック,自民党,1,谷 公一,62,前,兵庫県5区,,,http://www.tanikouichi.jp/
近畿ブロック,自民党,1,大串 正樹,48,前,兵庫県6区,https://twitter.com/ogushi_masaki,https://www.facebook.com/masaki.ogushi,http://www.m-ogushi.com
近畿ブロック,自民党,1,山田 賢司,48,前,兵庫県7区,https://twitter.com/Ymd_Knj,https://www.facebook.com/kenji.yamada.54,http://yamada-kenji.com
近畿ブロック,自民党,1,西村 康稔,52,前,兵庫県9区,,,
近畿ブロック,自民党,1,渡海 紀三朗,66,前,兵庫県10区,,,
近畿ブロック,自民党,1,頭師 暢秀,44,新,兵庫県11区,,,http://n-zushi.jp/
近畿ブロック,自民党,1,小林 茂樹,50,前,奈良県1区,,https://www.facebook.com/jimin.kobayashi,http://www.kobayashi-nara.com/
近畿ブロック,自民党,1,高市 早苗,53,前,奈良県2区,,,https://www.sanae.gr.jp/
近畿ブロック,自民党,1,奥野 信亮,70,前,奈良県3区,,https://www.facebook.com/okuno.shinsuke,https://www.okunoshinsuke.jp/
近畿ブロック,自民党,1,田野瀬 太道,40,前,奈良県4区,,,
近畿ブロック,自民党,1,門 博文,49,前,和歌山県1区,,http://www.facebook.com/hirofumi.kado,http://www.warau-kado.jp
近畿ブロック,自民党,1,石田 真敏,62,前,和歌山県2区,,,http://www.ishida-masatoshi.net/
近畿ブロック,自民党,39,近藤 三津枝,61,元,,,,
近畿ブロック,自民党,40,坂本 剛二,70,前,,https://twitter.com/sakamoto_goji,https://www.facebook.com/sakamoto.goji,http://www.sakamotogoji.net/
近畿ブロック,自民党,41,米田 建三,67,元,,,,
近畿ブロック,自民党,42,清水 克実,65,新,,,,
近畿ブロック,自民党,43,湯峯 理之,54,新,,,,
近畿ブロック,自民党,44,伊東 賢一郎,61,新,,,,
近畿ブロック,自民党,45,高栖 留美子,43,新,,,,
近畿ブロック,自民党,46,真鍋 麻未,30,新,,,,
近畿ブロック,生活の党,1,村上 史好,62,前,大阪府6区,,,
近畿ブロック,生活の党,1,中村 哲治,43,元,奈良県2区,https://twitter.com/NakamuraTetsuji,https://www.facebook.com/tetsuji.nakamura.1,http://tezj.jp/
近畿ブロック,生活の党,3,豊田 潤多郎,65,元,,,,http://www.toyoda-juntaro.com/
近畿ブロック,社民党,1,服部 良一,64,元,大阪府8区,,,http://hattori-ryoichi.com
近畿ブロック,社民党,2,藤田 高景,66,新,,,,
近畿ブロック,共産党,1,穀田 恵二,67,前,京都府1区,https://twitter.com/kokutakeiji,https://www.facebook.com/kokutakeiji,http://kokuta-keiji.jp/
近畿ブロック,共産党,2,宮本 岳志,54,前,,,https://www.facebook.com/takeshi.miyamoto.5661,http://miyamoto-net.net
近畿ブロック,共産党,3,清水 忠史,46,新,大阪府4区,https://twitter.com/tadashishimizu,https://www.facebook.com/tadashi.shimizu.90,http://www.shimizu-tadashi.jp/
近畿ブロック,共産党,4,堀内 照文,42,新,,,,
近畿ブロック,共産党,5,石村 和子,64,新,京都府3区,https://twitter.com/ishimura_kazuko,https://www.facebook.com/ishimurakazuko?fref=ts,http://www.jcp-kyoto.jp/ishimura/
近畿ブロック,共産党,5,谷川 和広,36,新,奈良県1区,https://twitter.com/taniyan17,https://www.facebook.com/profile.php?id=100002870995157,http://ameblo.jp/tanipon17/
近畿ブロック,共産党,5,原 矢寸久,63,新,和歌山県3区,https://twitter.com/syogatani,,http://kiihanto.exblog.jp/
近畿ブロック,共産党,8,坪田 五久男,55,新,,https://twitter.com/tsubotaikuo,https://www.facebook.com/tsubotaikuo,
近畿ブロック,民主党,1,川端 達夫,69,前,滋賀県1区,,https://www.facebook.com/tatsuo.kawabata.1945,http://www.kawa-bata.net/index.php
近畿ブロック,民主党,1,田島 一成,52,元,滋賀県2区,https://twitter.com/tajimaissei,https://ja-jp.facebook.com/tajimaissei,http://www.tajimaissei.com/
近畿ブロック,民主党,1,小川 泰江,51,新,滋賀県3区,https://twitter.com/ogawa_yasue,https://www.facebook.com/ogawayasue,http://ogawayasue.net
近畿ブロック,民主党,1,徳永 久志,51,新,滋賀県4区,,https://ja-jp.facebook.com/tokunaga.hisashi,http://www.e-siga.com
近畿ブロック,民主党,1,前原 誠司,52,前,京都府2区,,,http://www.maehara21.com/index.php
近畿ブロック,民主党,1,泉 健太,40,前,京都府3区,https://twitter.com/office50824963,,http://www.ikenta.net
近畿ブロック,民主党,1,北神 圭朗,47,元,京都府4区,https://twitter.com/kitagamikeiro,https://www.facebook.com/kitagamikeiro,http://www.kitagami.gr.jp/
近畿ブロック,民主党,1,小原 舞,40,元,京都府5区,,https://www.facebook.com/mai.ohara.58,http://www.oharamai.jp/
近畿ブロック,民主党,1,山井 和則,52,前,京都府6区,https://twitter.com/yamanoikazunori,https://www.facebook.com/#!/yamanoikazunori,http://www.yamanoi.net/
近畿ブロック,民主党,1,辻元 清美,54,前,大阪府10区,https://twitter.com/tsujimotokiyomi,https://www.facebook.com/profile.php?id=100005838250019&fref=ts,http://www.kiyomi.gr.jp/
近畿ブロック,民主党,1,平野 博文,65,元,大阪府11区,,,http://www.hhirano.jp/
近畿ブロック,民主党,1,樽床 伸二,55,元,大阪府12区,,https://www.facebook.com/tarutokoshinji,http://www.tarutoko.jp
近畿ブロック,民主党,1,森山 浩行,43,元,大阪府16区,,https://www.facebook.com/moriyamahiroyuki.wo.sodateru,
近畿ブロック,民主党,1,長安 豊,46,元,大阪府19区,https://twitter.com/nagayasu2,http://facebook.com/nagayasutakashi,http://www.nagayasu.ne.jp
近畿ブロック,民主党,1,向山 好一,57,元,兵庫県2区,,,
近畿ブロック,民主党,1,横畑 和幸,43,新,兵庫県3区,,,
近畿ブロック,民主党,1,辻 泰弘,58,新,兵庫県6区,,https://www.facebook.com/yasuhiro.tsuji.hyogo,http://www.yasuhiro-tsuji.jp/
近畿ブロック,民主党,1,石井 登志郎,43,元,兵庫県7区,https://twitter.com/Toshiro141,https://www.facebook.com/ishii.toshiro,http://www.toshiro.jp
近畿ブロック,民主党,1,松本 剛明,55,前,兵庫県11区,,,http://www.m-takeaki.jp/
近畿ブロック,民主党,1,馬淵 澄夫,54,前,奈良県1区,https://twitter.com/mabuchi_sumio,https://www.facebook.com/sumio.mabuchi,http://mabuti-sumio.cocolog-nifty.com/
近畿ブロック,民主党,1,大西 孝典,58,元,奈良県4区,https://twitter.com/0024takanori,http://www.facebook.com/0024takanoripage,http://www.0024takanori.jp
近畿ブロック,民主党,1,岸本 周平,58,前,和歌山県1区,https://twitter.com/shuheikishimoto,https://www.facebook.com/shuheikishimoto.jp,http://shuheikishimoto.jp
近畿ブロック,民主党,23,梶原 康弘,58,元,,,,
近畿ブロック,民主党,24,佐々木 幹夫,65,新,,,,
近畿ブロック,民主党,25,羽室 武,72,新,,,,
近畿ブロック,民主党,26,中藤 弘彦,50,新,,,,
近畿ブロック,公明党,1,竹内 譲,56,前,,https://twitter.com/takeuchi_yuzuru,https://facebook.com/takeuchi.yuzuru,http://www.kid97.co.jp/takeuchi/
近畿ブロック,公明党,2,浮島 智子,51,前,,,https://www.facebook.com/ukishimatomoko,http://www.t-ukishima.net/
近畿ブロック,公明党,3,樋口 尚也,43,前,,https://twitter.com/HiguchiNaoya,https://ja-jp.facebook.com/naoya.higuchi.5,http://www.higuchi-komei.jp
近畿ブロック,公明党,4,浜村 進,39,前,,,,
近畿ブロック,公明党,5,田丸 義高,55,新,,https://twitter.com/YoshitakaTamaru,https://www.facebook.com/yoshitaka.tamaru.3,
近畿ブロック,公明党,6,高橋 雅也,58,新,,,,
近畿ブロック,公明党,7,田中 博之,56,新,,,,
中国ブロック,自民党,1,石破 茂,57,前,鳥取県1区,https://twitter.com/shigeruishiba,https://www.facebook.com/ishibashigeru,http://ishiba-shigeru.cocolog-nifty.com/
中国ブロック,自民党,1,赤沢 亮正,53,前,鳥取県2区,https://twitter.com/ryosei_akazawa,https://www.facebook.com/akazawa.ryosei,http://ameblo.jp/ryosei-akazawa/
中国ブロック,自民党,1,細田 博之,70,前,島根県1区,https://twitter.com/HosodaHiroyuki,http://www.facebook.com/hiroyuki.hosoda.54,
中国ブロック,自民党,1,竹下 亘,68,前,島根県2区,,,
中国ブロック,自民党,1,逢沢 一郎,60,前,岡山県1区,https://twitter.com/ichiroaisawa,http://www.facebook.com/IchiroAISAWA,http://www.aisawa.net
中国ブロック,自民党,1,山下 貴司,49,前,岡山県2区,https://twitter.com/YAMASHITA_OK,https://www.facebook.com/takashi.yamashita.7,http://yamashita-takashi.jp/
中国ブロック,自民党,1,阿部 俊子,55,前,岡山県3区,,https://www.facebook.com/toshiko.abe.313,http://abetoshiko.com/activity/abeblog/
中国ブロック,自民党,1,橋本 岳,40,前,岡山県4区,https://twitter.com/ga9_h,https://www.facebook.com/gaku.hashimoto.3,http://ga9.jp
中国ブロック,自民党,1,加藤 勝信,59,前,岡山県5区,,,
中国ブロック,自民党,1,岸田 文雄,57,前,広島県1区,,https://www.facebook.com/fkishida,https://www.kishida.gr.jp/
中国ブロック,自民党,1,平口 洋,66,前,広島県2区,,,http://ameblo.jp/hiraguchihiroshi
中国ブロック,自民党,1,河井 克行,51,前,広島県3区,,,http://www.kawaikatsuyuki.com
中国ブロック,自民党,1,中川 俊直,44,前,広島県4区,,https://www.facebook.com/toshinao.nakagawa,
中国ブロック,自民党,1,寺田 稔,56,前,広島県5区,https://twitter.com/terada124,https://www.facebook.com/teradaminoru/,http://www.teradaminoru.com/
中国ブロック,自民党,1,小島 敏文,64,前,広島県6区,https://twitter.com/kojimatoshifumi,https://www.facebook.com/kojimatoshifumi.fp,http://jimin-kojima.jugem.jp/
中国ブロック,自民党,1,小林 史明,31,前,広島県7区,https://twitter.com/kb2474,https://www.facebook.com/fumiaki.kobayashi.2012,http://ameblo.jp/fumiakikobayashi/
中国ブロック,自民党,1,高村 正彦,72,前,山口県1区,,,http://www.koumura.net
中国ブロック,自民党,1,岸 信夫,55,前,山口県2区,https://twitter.com/KishiNobuo,https://ja-jp.facebook.com/kishinobuo,http://www.kishi-jpn.com/
中国ブロック,自民党,1,河村 建夫,72,前,山口県3区,https://twitter.com/takeokawamura,http://www.facebook.com/takeo.kawmaura,http://www.tspark.net
中国ブロック,自民党,20,新谷 正義,39,前,,,,
中国ブロック,自民党,21,池田 道孝,67,前,,,,http://ikedamichitaka.main.jp/
中国ブロック,自民党,22,古田 圭一,57,新,,,,
中国ブロック,自民党,23,木村 光寿,41,新,,https://twitter.com/kimukimu0420,https://www.facebook.com/kimukimu0420,
中国ブロック,自民党,24,秋田 博紀,52,新,,,,
中国ブロック,自民党,25,古賀 直子,45,新,,,,
中国ブロック,自民党,26,笹尾 憲司,65,新,,,,
中国ブロック,民主党,1,湯原 俊二,52,元,鳥取県2区,,,http://www.yuhara.net/
中国ブロック,民主党,1,和田 章一郎,67,新,島根県1区,,https://www.facebook.com/wadashow,
中国ブロック,民主党,1,津村 啓介,43,前,岡山県2区,https://twitter.com/Tsumura_Keisuke,http://www.facebook.com/tsumurakeisuke,
中国ブロック,民主党,1,柚木 道義,42,前,岡山県4区,https://twitter.com/yunoki_m,,https://www.yuzu.jp/
中国ブロック,民主党,1,松本 大輔,43,元,広島県2区,,https://ja-jp.facebook.com/dakaradaisuke,http://www.dakara-daisuke.com
中国ブロック,民主党,1,橋本 博明,44,元,広島県3区,,,http://www.happy-hassy.net
中国ブロック,民主党,1,村田 享子,31,新,広島県7区,,,
中国ブロック,民主党,1,平岡 秀夫,60,元,山口県2区,,,http://hiraoka-hideo.jp
中国ブロック,民主党,1,三浦 昇,44,元,山口県3区,,https://www.facebook.com/miura.noboru,http://www.n-miura.jp/home.asp
中国ブロック,民主党,10,炭村 信義,67,新,,,,
中国ブロック,次世代の党,1,平沼 赳夫,75,前,岡山県3区,,,http://hiranuma.org
中国ブロック,次世代の党,1,伊藤 真二,47,新,広島県1区,https://twitter.com/jisedaiitoh,,
中国ブロック,次世代の党,1,中丸 啓,51,前,広島県4区,https://twitter.com/maruchan777jp,https://ja-jp.facebook.com/nakamaru.hiromu,http://s.ameblo.jp/nakamaru-hiromu/
中国ブロック,次世代の党,1,坂元 大輔,32,前,広島県7区,https://twitter.com/dsakamoto23rd,https://www.facebook.com/dsakamoto23rd,http://daisuke-sakamoto.jp
中国ブロック,公明党,1,斉藤 鉄夫,62,前,,,,
中国ブロック,公明党,2,桝屋 敬悟,63,前,,,,http://www.komei.or.jp/km/masuya-keigo/
中国ブロック,公明党,3,日下 正喜,49,新,,,,
中国ブロック,幸福実現党,1,国領 豊太,33,新,,,,
中国ブロック,幸福実現党,2,河井 美和子,52,新,,https://twitter.com/miwako_hrp,http://www.facebook.com/people/河井美和子/100004758812496,http://ameblo.jp/kawaimiwako/
中国ブロック,幸福実現党,3,佐伯 知子,35,新,,,https://www.facebook.com/profile.php?id=100007874922516&fref=ts,http://ameblo.jp/saekitomoko
中国ブロック,共産党,1,大平 喜信,36,新,,https://twitter.com/tekuteku_diary,https://www.facebook.com/yoshinobu.ohira,http://yoshinobuu.exblog.jp
中国ブロック,共産党,2,矢引 亮介,44,新,,,,
中国ブロック,社民党,1,山本 誉,57,新,島根県2区,,,
中国ブロック,維新の党,1,高井 崇志,45,元,岡山県1区,https://twitter.com/t_takai,,http://www.takaitakashi.com
中国ブロック,維新の党,1,白坂 理香,48,新,広島県1区,,,
中国ブロック,維新の党,1,高邑 勉,40,元,山口県1区,https://twitter.com/tsutomutakamura,https://ja-jp.facebook.com/tsutomu.takamura.56,http://takamuratsutomu.com
四国ブロック,次世代の党,1,桜内 文城,49,前,愛媛県4区,https://twitter.com/fsakura,,http://ameblo.jp/sakurauchi/
四国ブロック,次世代の党,2,椙山 三也,55,新,,,https://www.facebook.com/profile.php?id=100004925055943,
四国ブロック,維新の党,1,横山 博幸,64,新,愛媛県2区,,,http://www.shimin-net.com
四国ブロック,維新の党,1,森 夏枝,33,新,愛媛県4区,,,
四国ブロック,維新の党,3,喜多 義典,48,新,,,,
四国ブロック,幸福実現党,1,小松 由佳,32,新,,https://twitter.com/primoel777,http://www.facebook.com/yuka.komatsu.184,http://ameblo.jp/yuka-komatsu/
四国ブロック,幸福実現党,2,森田 浩二,55,新,,,https://www.facebook.com/profile.php?id=100005202695176&fref=pb&hc_location=friends_tab,http://ameblo.jp/morita-koji
四国ブロック,民主党,1,仁木 博文,48,元,徳島県1区,,,
四国ブロック,民主党,1,小川 淳也,43,前,香川県1区,https://twitter.com/junyaog,https://www.facebook.com/#!/profile.php?id=100002343830458,http://www.junbo.org/
四国ブロック,民主党,1,玉木 雄一郎,45,前,香川県2区,https://twitter.com/tamakiyuichiro,https://www.facebook.com/tamakiyuichiro,http://www.tamakinet.jp/
四国ブロック,民主党,1,永江 孝子,54,元,愛媛県1区,https://twitter.com/nagaetakako,https://www.facebook.com/nagae-takako,http://www.nagae-takako.jp/
四国ブロック,民主党,1,白石 洋一,51,元,愛媛県3区,https://twitter.com/shiraishiyoichi,https://www.facebook.com/yoichi.shiraishi.1,http://ameblo.jp/shiraishiyouichi/
四国ブロック,民主党,1,大石 宗,34,新,高知県1区,https://twitter.com/igosso014,https://www.facebook.com/shu.oishi,http://大石宗.com/
四国ブロック,民主党,1,武内 則男,56,新,高知県2区,https://twitter.com/NorioKochi,,
四国ブロック,民主党,8,都築 旦,68,新,,,,
四国ブロック,自民党,1,福井 照,61,前,,,,http://www.fukuiteru.com/
四国ブロック,自民党,2,福山 守,61,前,,,,http://fukuyama-mamoru.com
四国ブロック,自民党,3,後藤田 正純,45,前,徳島県1区,,https://www.facebook.com/gotoda.masazumi,http://gotoda.com
四国ブロック,自民党,3,山口 俊一,64,前,徳島県2区,,,http://www.yamashun.jp/
四国ブロック,自民党,3,平井 卓也,56,前,香川県1区,https://twitter.com/hiratakuchan,https://www.facebook.com/hiratakuchan,https://www.hirataku.com
四国ブロック,自民党,3,瀬戸 隆一,49,前,香川県2区,https://twitter.com/setotakakazu,https://www.facebook.com/takakazu.seto,http://ameblo.jp/setojapan/
四国ブロック,自民党,3,大野 敬太郎,46,前,香川県3区,https://twitter.com/keitaro_ohno,https://www.facebook.com/keitaro.ohno,http://keitaro-ohno.com/
四国ブロック,自民党,3,塩崎 恭久,64,前,愛媛県1区,https://twitter.com/yasu_shio,http://www.facebook.com/shiozakiyasuhisa,http://www.y-shiozaki.or.jp
四国ブロック,自民党,3,村上 誠一郎,62,前,愛媛県2区,,https://ja-jp.facebook.com/murakamiseiichiro,http://sei-murakami.jp/
四国ブロック,自民党,3,白石 徹,58,前,愛媛県3区,,https://www.facebook.com/toru.shiraishi.5,http://ameblo.jp/shiraishi-toru/
四国ブロック,自民党,3,山本 公一,67,前,愛媛県4区,,,http://www.netwave.or.jp/~kochan-y/
四国ブロック,自民党,3,中谷 元,57,前,高知県1区,,https://www.facebook.com/gen.nakatani.1,
四国ブロック,自民党,3,山本 有二,62,前,高知県2区,,https://www.facebook.com/ug.y.0505,http://yamamotoyuji.com/
四国ブロック,自民党,14,永井 一郎,59,新,,,,
四国ブロック,自民党,15,泉 栄恵,43,新,,,,
四国ブロック,自民党,16,湯浅 満,60,新,,,,
四国ブロック,公明党,1,石田 祝稔,63,前,,,https://www.facebook.com/noritoshi.ishida.5,https://www.ishida21.gr.jp/
四国ブロック,公明党,2,中野 英雄,57,新,,,,
四国ブロック,社民党,1,高田 良徳,54,新,香川県3区,https://twitter.com/takatanx,https://www.facebook.com/takatanx,http://takatanx.exblog.jp/
四国ブロック,共産党,1,浜川 百合子,35,新,,https://twitter.com/hanjukumabo,http://www.facebook.com/yuriko.hamakawa.3,http://hamazou.exblog.jp/
四国ブロック,共産党,2,春名 直章,55,元,高知県1区,,,http://haruna0416.exblog.jp/
九州ブロック,共産党,1,赤嶺 政賢,66,前,沖縄県1区,https://twitter.com/akamineseiken,https://www.facebook.com/seikenn.akamine?fref=ts,http://jcpakamine.webcrow.jp/
九州ブロック,共産党,2,田村 貴昭,53,新,,https://twitter.com/TAMURATAKAAKI,,http://jcptamura.webcrow.jp/
九州ブロック,共産党,3,真島 省三,51,新,福岡県9区,https://twitter.com/syouzoumajima,https://www.facebook.com/syouzoumajima,
九州ブロック,共産党,4,伊勢田 良子,40,新,,,,
九州ブロック,共産党,5,伊礼 一美,67,新,,,,
九州ブロック,次世代の党,1,中山 成彬,71,前,,https://twitter.com/nakayamanariaki,https://www.facebook.com/nakayamanariaki.official,http://nakayamanariaki.com/
九州ブロック,次世代の党,2,園田 博之,72,前,熊本県4区,,,
九州ブロック,次世代の党,3,頭山 晋太郎,37,新,,,https://ja-jp.facebook.com/55shintaro,http://55shintaro.jp/
九州ブロック,幸福実現党,1,江夏 正敏,47,新,,https://twitter.com/EnatsuMasatoshi,https://www.facebook.com/EnatsuMasatoshi,http://enatsu-masatoshi.com
九州ブロック,幸福実現党,2,吉冨 和枝,55,新,,https://twitter.com/yoshitomi_kazue,http://www.facebook.com/kazue.yoshitomi,http://www.yoshitomi-k.jp/
九州ブロック,幸福実現党,3,河野 一郎,55,新,,https://twitter.com/hrpkonoichiro,http://facebook.com/kouno.ichirou,http://ameblo.jp/konoichiro
九州ブロック,幸福実現党,4,下地 玲子,56,新,,https://twitter.com/reikoshimoji,https://www.facebook.com/profile.php?id=100008282590315,http://shimojireiko.ti-da.net
九州ブロック,幸福実現党,5,木下 順子,55,新,,,,http://s.ameblo.jp/kumakumael/
九州ブロック,生活の党,1,末次 精一,52,新,長崎県4区,,,http://ameblo.jp/suetsuguseiichi/
九州ブロック,生活の党,1,玉城 デニー,55,前,沖縄県3区,https://twitter.com/tamakidenny,http://facebook.com/denny.tamaki,http://d21tamaki.com/
九州ブロック,生活の党,3,太田 真平,28,新,,https://twitter.com/otashimpei,,http://ota-shimpei.jp
九州ブロック,公明党,1,江田 康幸,58,前,,,,http://www.eda-yasuyuki.net
九州ブロック,公明党,2,遠山 清彦,45,前,,https://twitter.com/kiyohiko_toyama,http://facebook.com/toyama.kiyohiko1,http://toyamakiyohiko.com
九州ブロック,公明党,3,浜地 雅一,44,前,,https://twitter.com/hamachi_m,https://www.facebook.com/hamachi.masakazu,http://www.hamachi-masakazu.net/
九州ブロック,公明党,4,吉田 宣弘,47,新,,,,
九州ブロック,公明党,5,窪田 哲也,49,新,,,,
九州ブロック,公明党,6,中山 英一,38,新,,,,
九州ブロック,維新の党,1,河野 正美,53,前,福岡県4区,,http://www.facebook.com/mkawano2416,http://www.kawano-masami.com/
九州ブロック,維新の党,1,松野 頼久,54,前,熊本県1区,,http://ja-jp.facebook.com/yorihisamatsunoishin,http://www.matsuno-yorihisa.com/
九州ブロック,維新の党,1,外山 斎,38,新,宮崎県1区,https://twitter.com/izki_toyama,http://www.facebook.com/itsuki.toyama,http://www.izki-toyama.com/
九州ブロック,維新の党,1,山之内 毅,32,前,鹿児島県1区,,,
九州ブロック,維新の党,1,下地 幹郎,53,元,沖縄県1区,,,
九州ブロック,維新の党,6,鈴木 望,65,前,,https://twitter.com/NSuzuki1092,http://www.facebook.com/NSuzuki1092,http://suzukinozomu.com
九州ブロック,自民党,1,鬼木 誠,42,前,福岡県2区,,,
九州ブロック,自民党,1,古賀 篤,42,前,福岡県3区,,,
九州ブロック,自民党,1,宮内 秀樹,52,前,福岡県4区,https://twitter.com/MiyauchiHideki,https://www.facebook.com/MiyauchiHideki,http://miyauchihideki.jp
九州ブロック,自民党,1,原田 義昭,70,前,福岡県5区,,https://www.facebook.com/Yoshiaki4192,http://www.y-harada.com/
九州ブロック,自民党,1,鳩山 邦夫,66,前,福岡県6区,https://twitter.com/hatoyama_k,https://www.facebook.com/hatoyamakunio.hongo,http://hatoyamakunio.org/
九州ブロック,自民党,1,藤丸 敏,54,前,福岡県7区,,https://www.facebook.com/fujimaru.satoshi,http://www.fujimaru-satoshi.net
九州ブロック,自民党,1,三原 朝彦,67,前,福岡県9区,,https://www.facebook.com/asahiko.mihara,http://www.mihara.gr.jp
九州ブロック,自民党,1,山本 幸三,66,前,福岡県10区,https://twitter.com/yamamotogiin,https://www.facebook.com/yamamotokozogiin,http://www.yamamotokozo.com
九州ブロック,自民党,1,武田 良太,46,前,福岡県11区,,,
九州ブロック,自民党,1,岩田 和親,41,前,佐賀県1区,https://twitter.com/kazuchika_Iwata,https://ja-jp.facebook.com/kazuchika.iwata,http://www.k-iwata.jp
九州ブロック,自民党,1,古川 康,56,新,佐賀県2区,,https://www.facebook.com/55furukawa.yasushi,http://www.power-full.com/
九州ブロック,自民党,1,冨岡 勉,66,前,長崎県1区,,http://www.facebook.com/tomioka2tom,http://www.dream-nagasaki.jp
九州ブロック,自民党,1,加藤 寛治,68,前,長崎県2区,,,http://katokanji.com/
九州ブロック,自民党,1,北村 誠吾,67,前,長崎県4区,,,
九州ブロック,自民党,1,木原 稔,45,前,熊本県1区,https://twitter.com/kihara_minoru,https://www.facebook.com/kiharaminoru.official,http://kiharaminoru.jp
九州ブロック,自民党,1,坂本 哲志,64,前,熊本県3区,,https://www.facebook.com/tetusiman,http://www.tetusi.com
九州ブロック,自民党,1,金子 恭之,53,前,熊本県5区,https://twitter.com/nekotanchan,,http://kaneko-yasushi.com
九州ブロック,自民党,1,穴見 陽一,45,前,大分県1区,,https://www.facebook.com/anamiyoichi,http://anamin.net/
九州ブロック,自民党,1,岩屋 毅,57,前,大分県3区,,,http://www.t-iwaya.com/
九州ブロック,自民党,1,武井 俊輔,39,前,宮崎県1区,https://twitter.com/syunsuke_takei,https://www.facebook.com/takeisyunsuke,http://www.s-takei.jp/
九州ブロック,自民党,1,江藤 拓,54,前,宮崎県2区,,,https://eto-taku.jp/
九州ブロック,自民党,1,古川 禎久,49,前,宮崎県3区,,,http://www.furukawa-yoshihisa.com/
九州ブロック,自民党,1,金子 万寿夫,67,前,鹿児島県2区,,https://www.facebook.com/kanekomasuo,http://kanekomasuo.jp
九州ブロック,自民党,1,宮路 拓馬,35,新,鹿児島県3区,,https://www.facebook.com/pages/%E3%81%BF%E3%82%84%E3%81%98%E6%8B%93%E9%A6%AC/306924786098634,
九州ブロック,自民党,1,小里 泰弘,56,前,鹿児島県4区,,,http://ozato-yasuhiro.info/
九州ブロック,自民党,1,森山 裕,69,前,鹿児島県5区,,,http://www.moriyama-hiroshi.com
九州ブロック,自民党,1,国場 幸之助,41,前,沖縄県1区,https://twitter.com/kokubkonosuke,http://www.facebook.com/kokubakonosuke,http://www.konosuke.com
九州ブロック,自民党,1,宮崎 政久,49,前,沖縄県2区,,http://www.facebook.com/masahisa.miyazaki.9,http://www.miyazakirin.com
九州ブロック,自民党,1,比嘉 奈津美,56,前,沖縄県3区,,https://www.facebook.com/natsumi.smile,http://natsumi-smile.com
九州ブロック,自民党,1,西銘 恒三郎,60,前,沖縄県4区,,,
九州ブロック,自民党,31,今村 雅弘,67,前,,,,
九州ブロック,自民党,32,西川 京子,69,前,,,https://www.facebook.com/jimintou.nisikawa.kyouko,http://www.nishikawa-kyoko.jp/
九州ブロック,自民党,33,林田 彪,70,前,,,https://ja-jp.facebook.com/pages/%E8%A1%86%E8%AD%B0%E9%99%A2%E8%AD%B0%E5%93%A1-%E6%9E%97%E7%94%B0%E5%BD%AA%E3%81%9F%E3%81%91%E3%81%97-%E4%BA%8B%E5%8B%99%E6%89%80/543591362351245,http://hayashidatakeshi.otemo-yan.net/
九州ブロック,自民党,34,上杉 光弘,72,前,,,,
九州ブロック,自民党,35,安里 政晃,46,新,,,,
九州ブロック,自民党,36,湯川 一行,65,前,,,,
九州ブロック,自民党,37,末吉 光徳,68,前,,,,
九州ブロック,自民党,38,泉 幸親,62,新,,,,
九州ブロック,社民党,1,照屋 寛徳,69,前,沖縄県2区,,,http://www.terukan.com
九州ブロック,社民党,1,吉川 元,48,前,大分県2区,https://twitter.com/YoshikawaHajime,https://www.facebook.com/furusatonoshinsenryoku,http://yoshikawahajime.blog.fc2.com/
九州ブロック,社民党,1,今泉 克己,64,新,熊本県5区,,,
九州ブロック,社民党,1,野呂 正和,63,新,鹿児島県4区,,,
九州ブロック,社民党,1,藤中 寛之,40,新,福岡県11区,,,http://fujinakahiroyuki.com/
九州ブロック,民主党,1,大串 博志,49,前,佐賀県2区,https://twitter.com/OogushiHiroshi,https://www.facebook.com/oogushihiroshi,http://www.oogushi.com/
九州ブロック,民主党,2,山本 剛正,42,元,福岡県1区,,http://facebook.com/gosayyamamoto,http://www.gosay.jp
九州ブロック,民主党,2,稲富 修二,44,元,福岡県2区,,,
九州ブロック,民主党,2,藤田 一枝,65,元,福岡県3区,,,
九州ブロック,民主党,2,楠田 大蔵,39,元,福岡県5区,,,
九州ブロック,民主党,2,緒方 林太郎,41,元,福岡県9区,,https://www.facebook.com/rintaro.ogata,http://rinta.jp
九州ブロック,民主党,2,城井 崇,41,元,福岡県10区,https://twitter.com/kiitakashi,https://www.facebook.com/takashi.kii,http://kiitakashi2009.blog119.fc2.com
九州ブロック,民主党,2,原口 一博,55,前,佐賀県1区,https://twitter.com/kharaguchi,https://www.facebook.com/kazuhiroharaguchi,
九州ブロック,民主党,2,高木 義明,68,前,長崎県1区,,,http://www.y-takaki.jp
九州ブロック,民主党,2,大久保 潔重,48,新,長崎県2区,https://twitter.com/honochare,https://www.facebook.com/okubo.yukishige,http://okubo-y.jp/
九州ブロック,民主党,2,宮島 大典,51,元,長崎県4区,,https://www.facebook.com/daisuke.miyajima.56,http://ameblo.jp/miyajimadaisuke/
九州ブロック,民主党,2,吉良 州司,56,元,大分県1区,,,http://www.kirashuji.com/
九州ブロック,民主党,2,浦野 英樹,45,新,大分県3区,https://twitter.com/hidekiurano,,http://www.urano-office.biz
九州ブロック,民主党,2,村尾 英俊,51,新,宮崎県1区,,https://www.facebook.com/m1murao,http://m1.minshu-miyazaki.com/
九州ブロック,民主党,2,川内 博史,53,元,鹿児島県1区,https://twitter.com/kawauchihiroshi,https://www.facebook.com/hiroshi.kawauchi.393,
九州ブロック,民主党,16,安藤 幽明,67,新,,,,
