北海道1区,横路 孝弘,73,民主,前,,,https://www.yokomichi.com/
北海道1区,野呂田 博之,56,共産,新,https://twitter.com/ikkunorota,https://www.facebook.com/ikku.norota,
北海道1区,船橋 利実,54,自民,前,,https://www.facebook.com/people/Toshimitsu-Funahashi/100005396051289,http://funahashi-toshimitsu.jp/
北海道1区,飯田 佳宏,41,無所,新,https://twitter.com/goma0322,https://facebook.com/iidayoshihirojimukyoku,
北海道2区,吉川 貴盛,64,自民,前,,https://www.facebook.com/pages/吉川貴盛official/302748539831646,http://tyoshikawa.com/
北海道2区,池田 真紀,42,無所,新,,,
北海道2区,松木 謙公,55,維新,元,https://twitter.com/kenkou64865187,,http://kenko-matsuki.jp/
北海道2区,金倉 昌俊,40,共産,新,https://twitter.com/kanakuramasato,https://www.facebook.com/kanakuramasatoshi,http://www.kanakura.net/
北海道3区,荒井 聰,68,民主,前,,https://www.facebook.com/Satoshi.Arai21,http://www.arai21.net/
北海道3区,吉岡 弘子,63,共産,新,,https://www.facebook.com/yoshioka51,http://yoshioka-hiroko.com/
北海道3区,小和田 康文,44,維新,新,https://twitter.com/kujira0827,https://ja-jp.facebook.com/yasufumi.kowada,http://kowadayasufumi.jp/
北海道3区,高木 宏寿,54,自民,前,,https://www.facebook.com/takagi.hirohisa3,http://hirohisa-takagi.jp/
北海道4区,鉢呂 吉雄,66,民主,元,,,http://www.tsukuru.org
北海道4区,酒井 隆裕,40,共産,新,,https://www.facebook.com/takahiro.sakai.9461,
北海道4区,中村 裕之,53,自民,前,,https://www.facebook.com/hiroyuki.nakamura.1466126,http://www.hiro-nakamura.jp/
北海道5区,鈴木 龍次,54,共産,新,,,
北海道5区,勝部 賢志,55,民主,新,,,
北海道5区,町村 信孝,70,自民,前,,,http://www.machimura.net
北海道6区,佐々木 隆博,65,民主,元,https://twitter.com/sasaki_stop_tpp,https://www.facebook.com/takahiro.sasaki.54966,http://www.sasaki-takahiro.jp/
北海道6区,荻生 和敏,65,共産,新,https://twitter.com/151236545,,http://ogiu.blog.fc2.com
北海道6区,今津 寛,68,自民,前,https://twitter.com/imazu164,https://www.facebook.com/imazuhiroshi164,http://hiroshi-i.net/
北海道7区,鈴木 貴子,28,民主,前,,http://facebook.com/takako.daichi,http://www.suzukitakako.jp
北海道7区,石川 明美,63,共産,新,,,http://www2.plala.or.jp/ishiishi/
北海道7区,伊東 良孝,66,自民,前,,,
北海道8区,原田 有康,66,共産,新,,,
北海道8区,逢坂 誠二,55,民主,元,https://twitter.com/seiji_ohsaka,https://www.facebook.com/Seiji.Ohsaka,http://www.ohsaka.jp
北海道8区,前田 一男,48,自民,前,,http://ja-jp.facebook.com/kazuo.maeda.334,http://www.maedakazuo.jp/
北海道9区,山岡 達丸,35,民主,元,https://twitter.com/tatumaru1979,https://www.facebook.com/tatumaru1979,http://tatumaru.info/
北海道9区,工藤 良一,60,共産,新,,,
北海道9区,堀井 学,42,自民,前,,,http://horiimanabu.jp
北海道10区,木村 賢治,63,共産,新,,,
北海道10区,神谷 裕,46,民主,新,,,
北海道10区,稲津 久,56,公明,前,,,
北海道11区,三津 丈夫,68,民主,新,,,http://mitutakeo.web.fc2.com/index.html
北海道11区,畑中 庸助,63,共産,新,,https://www.facebook.com/zunizaramark,
北海道11区,中川 郁子,55,自民,前,,https://www.facebook.com/yuko.nakagawa.355,http://nakagawa-yuko.jp
北海道12区,水上 美華,32,民主,新,,,
北海道12区,武部 新,44,自民,前,https://twitter.com/takebearata,https://www.facebook.com/takebearata,http://takebe-arata.com/
北海道12区,菅原 誠,41,共産,新,,,
青森県1区,津島 淳,48,自民,前,https://twitter.com/tsushimajun,https://www.facebook.com/jun.tsuhima.5#!/jun.tsushima.5,http://juntu.web.fc2.com/
青森県1区,吉俣 洋,40,共産,新,https://twitter.com/yoyoshimata,https://www.facebook.com/profile.php?id=100002032033557&fref=ts,
青森県1区,升田 世喜男,57,維新,新,https://twitter.com/sekioisin,https://www.facebook.com/sekio.masuta,http://blog.goo.ne.jp/sekio-masuta
青森県2区,江渡 聡徳,59,自民,前,,,http://www.eto-akinori.jp/index.html
青森県2区,中野渡 詔子,44,維新,元,,https://www.facebook.com/noriko.nakanowatari.5,http://nikoniko-noriko.com/
青森県2区,小笠原 良子,65,共産,新,,https://www.facebook.com/people/Ryoko-Ogasawara/100004198893999,
青森県3区,田名部 匡代,45,民主,元,,https://www.facebook.com/masayo.tanabu,http://www.masayo.gr.jp
青森県3区,大島 理森,68,自民,前,,https://www.facebook.com/tadamori.oshima,http://www.morry.jp
青森県3区,松橋 三夫,65,共産,新,,,
青森県4区,木村 太郎,49,自民,前,,,http://www.taro-k.jp/
青森県4区,山内 崇,59,民主,新,,,http://t-yamauchi.net/
青森県4区,千葉 浩規,53,共産,新,,https://www.facebook.com/#!/kouki.tiba.56?fref=ts,http://blogs.yahoo.co.jp/aretsignal
岩手県1区,細川 光正,65,社民,新,,,
岩手県1区,階 猛,48,民主,前,,,
岩手県1区,吉田 恭子,33,共産,新,,,
岩手県1区,高橋 比奈子,56,自民,前,,http://www.facebook.com/hinako.takahashi.33,
岩手県2区,畑 浩治,51,生活,前,,,
岩手県2区,久保 幸男,56,共産,新,,,
岩手県2区,鈴木 俊一,61,自民,前,,,
岩手県3区,橋本 英教,47,自民,前,,,http://hashimoto-hidenori.com/
岩手県3区,黄川田 徹,61,民主,前,,,http://www.kikawada.com/
岩手県3区,菊池 幸夫,55,共産,新,https://twitter.com/kikuchi_yukio,https://www.facebook.com/milkyway.kiku,http://ameblo.jp/crecheryo/
岩手県4区,藤原 崇,31,自民,前,https://twitter.com/iwate_fujiwara,https://www.facebook.com/people/Takashi-Fujiwara/100004477178223,http://takasi.info/
岩手県4区,高橋 綱記,67,共産,新,,,
岩手県4区,小沢 一郎,72,生活,前,,,http://www.ozawa-ichiro.jp/
宮城県1区,土井 亨,56,自民,前,https://twitter.com/doitooru812,,http://www.doi-toru.com/
宮城県1区,松井 秀明,46,共産,新,,https://www.facebook.com/matsuihideakijimusyo,
宮城県1区,郡 和子,57,民主,前,,https://www.facebook.com/koorikazuko,http://www.koorikazuko.jp/
宮城県2区,増元 照明,59,次世,新,,,
宮城県2区,桑島 崇史,35,社民,新,,https://www.facebook.com/kuwajimatakashi,
宮城県2区,林 宙紀,37,維新,前,https://twitter.com/linkspace,https://www.facebook.com/hayashi.hiroki1977,http://www.hayashi-hiroki.com
宮城県2区,大内 真理,36,共産,新,https://twitter.com/ouchi_oouchi,https://www.facebook.com/mari.oouchi.3,http://blog.canpan.info/oouchi-mari0706
宮城県2区,秋葉 賢也,52,自民,前,https://twitter.com/akibakenya,https://www.facebook.com/kenya.akiba,
宮城県3区,橋本 清仁,43,民主,元,https://twitter.com/hkiyohito,,http://kiyohito.p2.bindsite.jp/index.html
宮城県3区,西村 明宏,54,自民,前,,,http://www.a-nishimura.jp
宮城県3区,吉田 剛,33,共産,新,,,http://yoshida-go.jugem.jp/
宮城県4区,小高 洋,34,共産,新,https://twitter.com/rossonero2010,https://www.facebook.com/Hiroshi.Kodaka1980?fref=ts,
宮城県4区,伊藤 信太郎,61,自民,前,,https://www.facebook.com/shintaro.ito.7#!/sintaro.ito.7,http://ameblo.jp/ito-sintaro/
宮城県4区,井戸 正枝,49,民主,元,https://twitter.com/idomasae,http://www.facebook.com/idomasae.miyagi,http://www.idomasae.net/
宮城県5区,安住 淳,52,民主,前,,,http://www.azumi-jun.jp
宮城県5区,高村 直也,31,共産,新,,,
宮城県5区,勝沼 栄明,40,自民,前,,,http://s-katsunuma.com
宮城県6区,小野寺 五典,54,自民,前,https://twitter.com/itsunori510,,
宮城県6区,鎌田 さゆり,49,民主,元,https://twitter.com/sayu4018,https://www.facebook.com/kamata.sayuri/timeline,http://kamata-sayuri.at.webry.info/
宮城県6区,内藤 隆司,56,共産,新,https://twitter.com/jcphokubu,,http://jcptakajinaitou.blog.fc2.com/
秋田県1区,伊藤 正通,63,社民,新,,,
秋田県1区,冨樫 博之,59,自民,前,https://twitter.com/hiroyukitogash,https://www.facebook.com/h.togachan,
秋田県1区,寺田 学,38,民主,元,https://twitter.com/teratamanabu,https://ja-jp.facebook.com/pages/%E5%AF%BA%E7%94%B0%E5%AD%A6%E3%81%AE%E3%83%9A%E3%83%BC%E3%82%B8/177668462381083,http://manabu.jp
秋田県1区,山内 梅良,66,共産,新,,https://www.facebook.com/umeyoshi.yamaucti,http://byryo.webcrow.jp
秋田県2区,緑川 貴士,29,民主,新,,,
秋田県2区,藤本 金治,68,共産,新,,,
秋田県2区,金田 勝年,65,自民,前,,https://www.facebook.com/kaneda.katsutoshi,http://www.kaneda-k.com/
秋田県3区,村岡 敏英,54,維新,前,https://twitter.com/Muraoka_Toshi,https://www.facebook.com/profile.php?id=100004262591354,https://www.muraokatoshihide.jp
秋田県3区,我妻 桂子,60,共産,新,,,
秋田県3区,御法川 信英,50,自民,前,,https://www.facebook.com/nobu.minorikawa,http://minorikawa.jp/p/
山形県1区,石川 渉,41,共産,新,https://twitter.com/sho_ishikawa38,https://ja-jp.facebook.com/shoishikawa1973,
山形県1区,遠藤 利明,64,自民,前,,https://ja-jp.facebook.com/endo.toshiaki0117,http://e-toshiaki.jp/blogs
山形県1区,原田 和広,41,民主,新,,,
山形県2区,近藤 洋介,49,民主,前,,https://www.facebook.com/kondo21,http://www.kondo21.com/
山形県2区,白根沢 澄子,64,共産,新,,,
山形県2区,鈴木 憲和,32,自民,前,,http://www.facebook.com/suzuki.norikazu.official,http://suzuki-norikazu.com
山形県3区,阿部 寿一,55,無所,前,,,
山形県3区,吉田 大成,45,民主,新,,https://www.facebook.com/taiseiy,
山形県3区,長谷川 剛,36,共産,新,https://twitter.com/peacetsuyopon,https://ja-jp.facebook.com/tsuyopon.peace,http://tsuyoshijcp.blog49.fc2.com/
山形県3区,加藤 鮎子,35,自民,新,,https://ja-jp.facebook.com/katoayuko.and.supporters,
山形県3区,佐藤 誠,66,無所,新,,,
福島県1区,金子 恵美,49,民主,新,,https://www.facebook.com/kaneko.emi.sangiin,http://kaneko-emi.com/
福島県1区,亀岡 偉民,59,自民,前,https://twitter.com/kameokayositami,https://www.facebook.com/yoshitami.kameoka?fref=ts,http://kameokayoshitami.com
福島県1区,渡部 保子,72,共産,新,,,
福島県2区,平 善彦,62,共産,新,,,
福島県2区,根本 匠,63,自民,前,,https://www.facebook.com/Nemoto.Official,https://www.t-nemoto.com/
福島県2区,岡部 光規,46,民主,新,,,
福島県3区,上杉 謙太郎,39,自民,新,,https://facebook.com/kentaro.uesugif3,http://uesugi.fukushima.jp
福島県3区,玄葉 光一郎,50,民主,前,,,http://www.kgemba.com
福島県3区,横田 洋子,56,共産,新,,,
福島県4区,菅家 一郎,59,自民,前,https://twitter.com/kanke_ichirou,https://www.facebook.com/kanke.ichiro,http://www.election.ne.jp/kanke/
福島県4区,田中 和加子,58,共産,新,,,
福島県4区,小熊 慎司,46,維新,前,https://twitter.com/oguma_shinji,https://www.facebook.com/shinji.oguma.5?fref=ts,http://oguma-s.com/
福島県4区,小川 右善,65,社民,新,,,
福島県5区,吉田 英策,55,共産,新,,,
福島県5区,吉田 泉,65,民主,前,,,http://izumidaily.blog27.fc2.com
福島県5区,吉野 正芳,66,自民,前,,,http://www.myoshino.com/
茨城県1区,大内 久美子,65,共産,新,,,http://blog.livedoor.jp/oouchikumiko/
茨城県1区,福島 伸享,44,民主,元,,https://www.facebook.com/nobuyuki.fukushima.58,http://www.fukuchan-japan.com/seisaku/index.html
茨城県1区,田所 嘉徳,60,自民,前,https://twitter.com/tadokoro_yoshi,https://www.facebook.com/tadokoroyoshi,http://田所よしのり.jp
茨城県2区,額賀 福志郎,70,自民,前,,,http://www.nukaga-fukushiro.jp/
茨城県2区,川井 宏子,49,共産,新,,,
茨城県3区,葉梨 康弘,55,自民,前,,,http://www.hanashiyasuhiro.com/
茨城県3区,小林 恭子,64,共産,新,https://twitter.com/kobayashikyouko,http://www.facebook.com/kobayashi.kyouko,http://ibjcp.gr.jp/kobayashi/
茨城県3区,石井 章,57,維新,元,https://twitter.com/ishiiakiraishin,http://www.facebook.com/ishiiakiraishin,http://ishiiakira.com
茨城県4区,高野 守,55,民主,元,,,http://www.takano-mamoru.com/
茨城県4区,堀江 鶴治,73,共産,新,,,
茨城県4区,梶山 弘志,59,自民,前,https://twitter.com/kajiyamahiroshi,https://www.facebook.com/kajiyama.hiroshi,http://kajiyama-office.com/
茨城県4区,木村 隆,63,無所,新,,,
茨城県5区,福田 明,58,共産,新,,,
茨城県5区,石川 昭政,42,自民,前,,https://www.facebook.com/akimasa.ishikawa.7,http://ishikawa-akimasa.com/
茨城県5区,大畠 章宏,67,民主,前,,https://www.facebook.com/ohataakihiro,http://www.oohata.com/
茨城県6区,井上 圭一,52,共産,新,,,
茨城県6区,丹羽 雄哉,70,自民,前,https://twitter.com/niwayuyaibaraki,https://www.facebook.com/NiwaYuya,http://www.niwayuya.net
茨城県6区,青山 大人,35,民主,新,,,http://www.aoyamayamato.net/
茨城県7区,中村 喜四郎,65,無所,前,,,
茨城県7区,永岡 桂子,61,自民,前,,,http://keiko-nagaoka.jp
茨城県7区,白畑 勇,62,共産,新,,,
栃木県1区,船田 元,61,自民,前,,https://www.facebook.com/hajime.funada,http://www.funada.org/
栃木県1区,野村 節子,61,共産,新,https://twitter.com/nomurasetsuko,https://www.facebook.com/people/Setsuko-Nomura/100006249452855,http://nomura-setsuko-jcp.net/
栃木県1区,柏倉 祐司,45,民主,前,,http://www.facebook.com/yuji.kashiwakura,http://www.kashiwakurayuji.jp
栃木県2区,福田 昭夫,66,民主,前,,,http://www.fukudaa-houtoku.com
栃木県2区,西川 公也,71,自民,前,,,http://www.nishikawa-koya.com/
栃木県2区,阿部 秀実,55,共産,新,https://twitter.com/55abelucky,https://ja-jp.facebook.com/people/阿部秀実/100004398905748,
栃木県3区,簗 和生,35,自民,前,,http://www.facebook.com/Yanakazuo,http://www.yanakazuo.jp
栃木県3区,秋山 幸子,63,共産,新,https://twitter.com/yukikoakiyama,,
栃木県3区,渡辺 喜美,62,無所,前,,,
栃木県4区,佐藤 勉,62,自民,前,,,http://www.satoben.jp
栃木県4区,藤岡 隆雄,37,民主,新,,,
栃木県4区,山崎 寿彦,62,共産,新,,,
栃木県5区,茂木 敏充,59,自民,前,https://twitter.com/moteging,https://www.facebook.com/moteging,http://www.motegi.gr.jp
栃木県5区,川上 均,58,共産,新,,,
群馬県1区,佐田 玄一郎,61,自民,前,,,http://www.sata-genichiro.jp/04.html
群馬県1区,上野 宏史,43,無所,前,https://twitter.com/ueno_hiroshi,https://www.facebook.com/ueno.hiroshi,http://ameblo.jp/ueno-hiroshi/
群馬県1区,宮崎 岳志,44,民主,元,https://twitter.com/MIYAZAKI_Takesh,http://www.facebook.com/takeshi.miyazaki.961,
群馬県1区,店橋 世津子,53,共産,新,https://twitter.com/setuko2525de15,https://www.facebook.com/setuko2525,http://setuko2525.cocolog-nifty.com/
群馬県2区,石関 貴史,42,維新,前,,https://www.facebook.com/ishizekitakashi1972,
群馬県2区,井野 俊郎,34,自民,前,,https://www.facebook.com/ino.toshiro,http://www.inooffice.jp/blog/
群馬県2区,藤掛 順恒,68,共産,新,,,
群馬県3区,長谷川 嘉一,62,民主,新,,,http://hasegawa-kaichi.org/
群馬県3区,笹川 博義,48,自民,前,,https://www.facebook.com/hirohiro.genki.sasagawa,http://hirogenki.jugem.jp/
群馬県3区,渋沢 哲男,55,共産,新,,https://ja-jp.facebook.com/tetuo.sibusawa,http://ameblo.jp/tetu555552003/
群馬県4区,萩原 貞夫,65,共産,新,,,
群馬県4区,福田 達夫,47,自民,前,,https://ja-jp.facebook.com/tatsuo.fukuda.page?ref=stream,http://tatsuo-f.jp/
群馬県5区,糸井 洋,46,共産,新,,https://www.facebook.com/hiroshi.itoi.71,http://blog.goo.ne.jp/1101hiroshi
群馬県5区,小渕 優子,41,自民,前,,,http://www.obuchiyuko.com/
群馬県5区,小林 人志,63,社民,新,,,
埼玉県1区,松村 敏夫,40,共産,新,https://twitter.com/mtmr74,,http://m-toshio.blog.jp/
埼玉県1区,村井 英樹,34,自民,前,https://twitter.com/muraihideki,,http://muraihideki.com
埼玉県1区,武正 公一,53,民主,前,https://twitter.com/takemasakoichi,https://ja-jp.facebook.com/takemasatoday,http://ameblo.jp/takemasa-koichi
埼玉県1区,松本 翔,29,社民,新,https://twitter.com/sdp_vision,https://www.facebook.com/sho1masumoto,
埼玉県2区,新藤 義孝,56,自民,前,,,
埼玉県2区,奥田 智子,46,共産,新,,,
埼玉県3区,宮川 雅之,40,共産,新,,,
埼玉県3区,細川 律夫,71,民主,元,,,
埼玉県3区,黄川田 仁志,44,自民,前,,,
埼玉県4区,豊田 真由子,40,自民,前,https://twitter.com/toyota_mayuko,https://www.facebook.com/mayuko.toyota2012,http://toyotamayuko.com/
埼玉県4区,桜井 晴子,58,共産,新,,,
埼玉県4区,神風 英男,53,民主,元,,https://ja-jp.facebook.com/hideo.jinpu?hc location=timeline&filter=2,
埼玉県5区,山本 悠子,62,共産,新,https://twitter.com/yuko5020,https://www.facebook.com/yamamoto.yuko.omiyakuu,http://blog.goo.ne.jp/yyuko3474
埼玉県5区,牧原 秀樹,43,自民,前,https://twitter.com/hmakihara,https://www.facebook.com/hideki.makihara,http://hmacky.net/blog0/
埼玉県5区,枝野 幸男,50,民主,前,,,http://www.edano.gr.jp/
埼玉県6区,大島 敦,57,民主,前,,,http://www.sakitama.or.jp/oshima/
埼玉県6区,戸口 佐一,64,共産,新,,,
埼玉県6区,中根 一幸,45,自民,前,,https://www.facebook.com/kazuyuki.nakane.75,https://www.nakane-kazuyuki.com/
埼玉県7区,根本 千裕,55,次世,新,,,
埼玉県7区,神山 佐市,60,自民,前,,,http://www.kamiyama.ne.jp/
埼玉県7区,長沼 チネ,64,共産,新,,,
埼玉県7区,小宮山 泰子,49,民主,前,https://twitter.com/komiyama_yasko,https://www.facebook.com/yasko.komiyama,http://www.yasko.net/
埼玉県8区,小野塚 勝俊,42,民主,元,,https://www.facebook.com/masatoshi.onozuka.1,http://onozuka.jp
埼玉県8区,辻 源巳,43,共産,新,https://twitter.com/tsujiJCP,,
埼玉県8区,柴山 昌彦,49,自民,前,https://twitter.com/shiba_masa,https://www.facebook.com/shibayama.masahiko,http://www.shibamasa.net
埼玉県9区,大塚 拓,41,自民,前,,,http://www.otsukataku.jp/index.html
埼玉県9区,広森 すみ子,66,共産,新,,,
埼玉県9区,青柳 仁士,36,維新,新,https://twitter.com/aoyagi_h,,http://www.aoyagi-h.com
埼玉県10区,石井 祐一,63,共産,新,,,
埼玉県10区,坂本 祐之輔,59,維新,前,https://twitter.com/nipponniyumeo,https://www.facebook.com/sakamotoyunosuke,http://www.sakamoto-yunosuke.jp/blog/
埼玉県10区,山口 泰明,66,自民,前,,,
埼玉県11区,柴岡 祐真,30,共産,新,https://twitter.com/shibaoka_yuma,https://www.facebook.com/shibaoka.yuma,http://www.shibaoka-yuma.jp/
埼玉県11区,小泉 龍司,62,無所,前,,,http://www.ryuji.org/
埼玉県11区,今野 智博,39,自民,前,,,http://www.konnotomohiro.jp
埼玉県12区,森田 俊和,40,次世,新,https://twitter.com/mori_morita,https://www.facebook.com/MORIMORI.MORITA.TOSHIKAZU,http://morita-toshikazu.com/
埼玉県12区,野中 厚,38,自民,前,https://twitter.com/nonakajimusho,,http://www.nonaka-atsushi.com/
埼玉県12区,本多 平直,50,民主,元,,,http://www.hiranao.com
埼玉県12区,鈴木 千賀子,59,共産,新,,,http://www.jcp-saitamahokubu.jp/index.php
埼玉県13区,山内 康一,41,民主,前,,,http://www.kou1.info
埼玉県13区,土屋 品子,62,自民,前,,,http://www.owls.co.jp/shinako/
埼玉県13区,秋山 文和,67,共産,新,,,
埼玉県13区,中村 匡志,37,次世,新,https://twitter.com/tadashiism,https://www.facebook.com/tadashiism,http://tadashiism.jp
埼玉県14区,鈴木 義弘,52,維新,前,,https://www.facebook.com/yosihiro.suzuki.52,http://www.yosshisuzuki.com/
埼玉県14区,三ツ林 裕巳,59,自民,前,,https://www.facebook.com/JiminMitsubayashi,http://ameblo.jp/hiromimitsubayashi/
埼玉県14区,苗村 光雄,58,共産,新,,https://ja-jp.facebook.com/people/Mituo.../100005124489558,http://blog.goo.ne.jp/naemuramituo
埼玉県15区,高山 智司,44,民主,元,,,http://takayama-satoshi.net/
埼玉県15区,田村 勉,66,共産,新,,,
埼玉県15区,田中 良生,51,自民,前,,https://www.facebook.com/ryosei.tanaka.7,http://www.tanaka-ryosei.com/
千葉県1区,門山 宏哲,50,自民,前,,http://www.facebook.com/kadoyama.hiroaki,http://ameblo.jp/kadoyama-hiroaki
千葉県1区,田嶋 要,53,民主,前,https://twitter.com/kanametajima,http://facebook.com/tajimakaname,http://k-tajima.net
千葉県1区,吉田 直義,27,共産,新,,http://www.facebook.com/1yoshida,
千葉県1区,田沼 隆志,38,次世,前,https://twitter.com/tanumatakashi,http://www.facebook.com/takashi.tanuma,http://www.tanuma.info/index.html
千葉県2区,小松 実,66,共産,新,,http://www.facebook.com/komatu.mi,http://komatsu3.at.webry.info/
千葉県2区,小林 鷹之,40,自民,前,https://twitter.com/kobahawk,https://www.facebook.com/taka.kobayashi.35,http://www.kobayashi-takayuki.jp
千葉県2区,藤巻 健太,31,維新,新,,,http://www.fujimaki-kenta.com
千葉県3区,松野 博一,52,自民,前,,,http://www.hiro-matsuno.net/
千葉県3区,岡島 一正,57,生活,元,https://twitter.com/kazu_okajima,https://www.facebook.com/kazumasa.okajima,http://www.k-okajima.jp/
千葉県3区,青山 明日香,32,民主,新,,http://www.facebook.com/AoyamaAsuka,http://asuka-aoyama.jp
千葉県3区,椛沢 洋平,35,共産,新,https://twitter.com/ykabasawa,https://www.facebook.com/youhei.kabasawa,http://ameblo.jp/takumiuna/
千葉県4区,西尾 憲一,64,無所,新,,,
千葉県4区,木村 哲也,45,自民,新,https://twitter.com/kimura_tetsuya,,http://www6.ocn.ne.jp/~tetuya/
千葉県4区,野田 佳彦,57,民主,前,https://twitter.com/NODAYOSHI55,,http://www.nodayoshi.gr.jp/
千葉県4区,斉藤 和子,40,共産,新,https://twitter.com/saitokazuko,,http://saikazu.tea-nifty.com/
千葉県5区,村越 祐民,40,民主,元,https://twitter.com/hirotami_m,https://www.facebook.com/hirotami.jp,http://www.hirotami.jp
千葉県5区,薗浦 健太郎,42,自民,前,https://twitter.com/sonourakentaro,http://www.facebook.com/kentarou.sonoura,http://sonoken.org
千葉県5区,浅野 史子,44,共産,新,https://twitter.com/asafum814,http://www.facebook.com/fumiko.asano.18,
千葉県5区,石田 和男,77,無所,新,,,
千葉県6区,三輪 由美,59,共産,新,,,
千葉県6区,渡辺 博道,64,自民,前,,http://www.facebook.com/hiromichi.watanabe.524,http://www.hiromichi21.com
千葉県6区,遠藤 宣彦,51,次世,元,https://twitter.com/ENDO_NOBUHIKO,http://www.facebook.com/ENDOUNOBUHIKO,http://www.endou-nobuhiko.com/
千葉県6区,生方 幸夫,67,民主,前,,,http://www.ubu2.jp
千葉県7区,渡部 隆夫,71,共産,新,,,
千葉県7区,阿部 治正,60,社民,新,,,
千葉県7区,石塚 貞通,47,維新,新,https://twitter.com/Ishiduka_S,https://www.facebook.com/sadamichii,http://www.ishiduka-sadamichi.net/
千葉県7区,斎藤 健,55,自民,前,https://twitter.com/saitou_ken,,http://www.saito-ken.jp/
千葉県8区,太田 和美,35,維新,元,https://twitter.com/ota_kazumi,http://facebook.com/ota.kazum/,http://kazumi.ms/
千葉県8区,桜田 義孝,64,自民,前,https://twitter.com/ysakurada,https://www.facebook.com/yoshitaka.sakurada,http://sakurada-yoshitaka.jp/
千葉県8区,小野里 定良,67,共産,新,https://twitter.com/teiryou,https://www.facebook.com/100008467158841,
千葉県9区,秋本 真利,39,自民,前,https://twitter.com/akimoto_chiba9,,http://www5a.biglobe.ne.jp/~akimoto/
千葉県9区,鴨志田 安代,59,共産,新,https://twitter.com/ky60954585,http://www.facebook.com/yasusiro.kamosida,http://yasusiro.at.webry.info/
千葉県9区,西田 譲,39,次世,前,,http://www.facebook.com/yuzuru.nishida,http://www.55nishida.com
千葉県9区,奥野 総一郎,50,民主,前,https://twitter.com/sokuno2,http://www.facebook.com/s.okuno2,http://s-okuno.jp/
千葉県10区,笠原 正実,60,共産,新,,,
千葉県10区,谷田川 元,51,民主,元,,,http://hajime-yatagawa.com
千葉県10区,林 幹雄,67,自民,前,,,http://park19.wakwak.com/~motoo/
千葉県11区,椎名 史明,57,共産,新,,https://www.facebook.com/fumiaki.shiina?fref=ts,
千葉県11区,森 英介,66,自民,前,,,http://www.morieisuke.com/
千葉県11区,金子 健一,57,生活,元,https://twitter.com/chiba11kaneko,https://www.facebook.com/kaneko11chiba/,http://chiba11kaneko.jp/
千葉県12区,浜田 靖一,59,自民,前,,,http://www.office-hamada.jp
千葉県12区,米本 展久,63,共産,新,,,
千葉県13区,中川 勝敏,68,共産,新,,,
千葉県13区,若井 康彦,68,民主,前,,,http://www.wakai-yasuhiko.jp
千葉県13区,白須賀 貴樹,39,自民,前,,,http://shirasuka-takaki.com
東京都1区,渡辺 徹,36,次世,新,https://twitter.com/watanabetoru1,https://www.facebook.com/toruwatanabe.page,http://www.toru.net/
東京都1区,冨田 直樹,38,共産,新,https://twitter.com/tomita_naoki,https://www.facebook.com/naoki.tomita.503,http://www.tomita-naoki.com
東京都1区,又吉 光雄,70,諸派,新,,,http://www.matayoshi.org/
東京都1区,海江田 万里,65,民主,前,,https://www.facebook.com/banrikaieda,http://kaiedabanri.jp
東京都1区,山田 美樹,40,自民,前,https://twitter.com/yamada_miki,https://www.facebook.com/mikiprofile,http://miki-yamada.com/blog
東京都1区,野崎 孝信,27,無所,新,,,
東京都2区,辻 清人,35,自民,前,https://twitter.com/tujikiyoto,https://www.facebook.com/kiyototsujitokyo2nd,http://k-tsuji.jp/
東京都2区,石沢 憲之,27,共産,新,https://twitter.com/noriyuki_ishi,,
東京都2区,大熊 利昭,51,維新,前,https://twitter.com/okumatoshiaki,https://www.facebook.com/toshiaki.okuma,https://www.okumatoshiaki.com/
東京都2区,中山 義活,69,民主,元,,,http://www.yoshikatsu.com
東京都2区,犬丸 勝子,59,諸派,新,https://twitter.com/inumaru19,,http://inumaru-katsuko.tank.jp/
東京都3区,松原 仁,58,民主,前,,https://www.facebook.com/matsubara.jin.office,http://www.jin-m.com
東京都3区,石原 宏高,50,自民,前,https://twitter.com/ishiharahirotak,https://www.facebook.com/ishihara.hirotaka.18,http://www.ishihara-hirotaka.com
東京都3区,香西 克介,38,共産,新,https://twitter.com/kouzai2007,,http://zaian7.exblog.jp
東京都4区,犬伏 秀一,58,次世,新,https://twitter.com/inuhide,https://ja-jp.facebook.com/inuhide,http://www.inubushi.com/
東京都4区,平 将明,47,自民,前,https://twitter.com/TAIRAMASAAKI,https://ja-jp.facebook.com/tairamasaaki,http://www.taira-m.jp/
東京都4区,藤田 憲彦,41,民主,元,https://twitter.com/fujitamin,https://ja-jp.facebook.com/fujitamin1,http://www.fujitanorihiko.jp/
東京都4区,山本 純平,40,共産,新,https://twitter.com/junpeiyamamoto,,http://j-yamamoto.jcp-ota.jp/
東京都5区,若宮 健嗣,53,自民,前,https://twitter.com/wakamiya7788,,http://www.k-wakamiya.com/
東京都5区,三谷 英弘,38,無所,前,https://twitter.com/mitani_h,https://ja-jp.facebook.com/mitani.office,http://mitani-h.net/
東京都5区,手塚 仁雄,48,民主,元,,https://www.facebook.com/t440com,http://www.t440.com/
東京都5区,ドクター・中松,86,無所,新,https://twitter.com/Dr_NakaMats,https://www.facebook.com/Dr.Nakamats,http://dr-nakamats.seesaa.net/
東京都5区,沢井 正代,65,共産,新,,https://www.facebook.com/masayo.sawai.35,
東京都6区,岸 武志,43,共産,新,,,
東京都6区,越智 隆雄,50,自民,前,https://twitter.com/ochitakao,https://ja-jp.facebook.com/takao.ochi.9?fref=ts,https://www.facebook.com/takao.ochi
東京都6区,落合 貴之,35,維新,新,https://twitter.com/ochiaitakayuki,https://www.facebook.com/ochiaitakayuki.6,http://www.ochiaitakayuki.com/
東京都7区,太田 宜興,38,共産,新,https://twitter.com/otanori1,,
東京都7区,長妻 昭,54,民主,前,https://twitter.com/nagatsumaakira,https://www.facebook.com/nagatsumaakira,http://naga.tv/
東京都7区,吉田 康一郎,47,次世,新,https://twitter.com/yoshidakoichiro,https://www.facebook.com/koichiro.yoshida.jp,http://k-yoshida.jp/
東京都7区,松本 文明,65,自民,前,,https://www.facebook.com/matsumoto.fumiaki,http://f-matsumoto.net/
東京都8区,円 より子,67,民主,新,https://twitter.com/madokayoriko,,http://www.madoka-yoriko.jp/
東京都8区,鈴木 達夫,74,無所,新,https://twitter.com/suzutatsu_ikiru,https://www.facebook.com/tatsuo.suzuki.520,http://suzutatsu.main.jp/
東京都8区,石原 伸晃,57,自民,前,https://twitter.com/IshiharaNobu,https://www.facebook.com/ishihara.nobuteru,http://www.nobuteru.or.jp
東京都8区,沢田 真吾,29,共産,新,https://twitter.com/sawada_shingo3,,
東京都9区,菅原 一秀,52,自民,前,https://twitter.com/sugawaraisshu,https://www.facebook.com/sugawaraisshu,http://www.isshu.net/
東京都9区,原 純子,50,共産,新,https://twitter.com/HarachanJ,,http://hara-junko.com/
東京都9区,木内 孝胤,48,維新,元,https://twitter.com/takatanekiuchi,https://www.facebook.com/takatane.kiuchi,http://takatane.com/blog/category/activity/
東京都10区,江端 貴子,54,民主,元,,,http://www.ebata-takako.jp
東京都10区,小池 百合子,62,自民,前,https://twitter.com/ecoyuri,https://www.facebook.com/yuriko.koike.96,http://www.yuriko.or.jp/
東京都10区,多ケ谷 亮,46,生活,新,https://twitter.com/RyoTagaya,https://www.facebook.com/ryotagaya10?ref=bookmarks,
東京都10区,神谷 ちづ子,61,次世,新,,https://ja-jp.facebook.com/chizuko.kamitani,http://chizuko-kamitani.pink
東京都10区,今 秀子,66,共産,新,https://twitter.com/kon_hideko,,
東京都11区,下村 芽生,27,無所,新,,,http://profile.ameba.jp/mei-shimomura/
東京都11区,下村 博文,60,自民,前,,http://www.facebook.com/hakubun.shimomura,http://www.hakubun.biz/
東京都11区,山内 金久,66,共産,新,,,
東京都11区,熊木 美奈子,53,民主,新,,,
東京都12区,太田 昭宏,69,公明,前,https://twitter.com/teamohta,https://www.facebook.com/teamohta,http://www.akihiro-ohta.com
東京都12区,池内 沙織,32,共産,新,https://twitter.com/ikeuchi_saori,,http://saori-ikeuchi.com/
東京都12区,田母神 俊雄,66,次世,新,https://twitter.com/toshio_tamogami,https://www.facebook.com/tamogami29,http://www.toshio-tamogami.jp/
東京都12区,青木 愛,49,生活,前,https://twitter.com/aoki12ku,https://www.facebook.com/aoki12ai,http://www.aoki-ai.com/
東京都13区,鴨下 一郎,65,自民,前,,,https://www.kamoshita.gr.jp/
東京都13区,長谷川 貴子,41,民主,新,https://twitter.com/hasegawa_takako,https://www.facebook.com/hasegawa.takako.adachi,http://takahase.weblogs.jp/
東京都13区,祖父江 元希,39,共産,新,https://twitter.com/SobueMotoki,,http://blog.goo.ne.jp/motokisobue
東京都13区,和田 智之,40,次世,新,https://twitter.com/tachiagare_wada,https://ja-jp.facebook.com/tomoyuki.wada.75,
東京都14区,木村 剛司,43,民主,元,https://twitter.com/KimuraTaketsuka,https://www.facebook.com/kimurataketsuka,http://www.kimutake.jp
東京都14区,松島 みどり,58,自民,前,https://twitter.com/matusimamidori,,http://www.matsushima-midori.jp/
東京都14区,阿藤 和之,43,共産,新,https://twitter.com/atoukazuyuki,https://www.facebook.com/kazuyuki.atou?fref=ts,http://plaza.rakuten.co.jp/atoukazuyuki/
東京都15区,猪野 隆,49,無所,新,,,http://inoino700.blog.fc2.com
東京都15区,柿沢 未途,43,維新,前,https://twitter.com/310kakizawa,https://www.facebook.com/mito.kakizawa,http://www.310kakizawa.jp
東京都15区,秋元 司,43,自民,前,https://twitter.com/akimoto_tsukasa,https://www.facebook.com/tsukasa.akimoto,http://www.akimoto-web.jp
東京都15区,吉田 年男,66,共産,新,,,
東京都16区,大西 英男,68,自民,前,,https://www.facebook.com/0024hideo,http://onishi-hideo.com/
東京都16区,初鹿 明博,45,維新,元,https://twitter.com/AkiHatsushika,https://ja-jp.facebook.com/akihiro.hatsushika,http://www.hatsushika.net/
東京都16区,岡本 貴士,34,無所,新,,https://www.facebook.com/kikusenkyo,http://clip-ac.xsrv.jp/okamoto
東京都16区,大田 朝子,30,共産,新,https://twitter.com/assa_bonin,,
東京都16区,石井 義哲,57,次世,新,https://twitter.com/ishiiyoshiaki,https://www.facebook.com/yoshiaki.ishii.9655,http://ameblo.jp/ishii-yoshiaki/
東京都17区,新井 杉生,55,共産,新,,,
東京都17区,高橋 美穂,49,維新,前,,https://www.facebook.com/miho.takahashi/,http://takahashi-miho.jp
東京都17区,平沢 勝栄,69,自民,前,,,http://www.hirasawa.net
東京都18区,土屋 正忠,72,自民,前,,,
東京都18区,菅 直人,68,民主,前,https://twitter.com/NaotoKan,https://www.facebook.com/naoto.kan.offical,http://n-kan.jp/
東京都18区,結城 亮,44,共産,新,https://twitter.com/Ryou33Yuuki,,
東京都19区,小泉 民未嗣,36,共産,新,https://twitter.com/koizumi_ta,,http://koizumi-t.cocolog-nifty.com/
東京都19区,山田 宏,56,次世,前,https://twitter.com/yamazogaikuzo,https://www.facebook.com/yamadahiroshi.page,https://www.yamadahiroshi.com/blog/
東京都19区,末松 義規,58,民主,元,,,http://ameblo.jp/y-suematsu/
東京都19区,松本 洋平,41,自民,前,https://twitter.com/matsumoto_yohei,https://www.facebook.com/MatsumotoYohei.77,http://www012.upp.so-net.ne.jp/yohei/index.html
東京都20区,池田 真理子,60,共産,新,https://twitter.com/ikeda_mariko,,http://mariko1028.exblog.jp/
東京都20区,竹田 光明,59,民主,元,,https://facebook.com/takeda.mitsuaki,http://www.takeda-mitsuaki.net
東京都20区,木原 誠二,44,自民,前,https://twitter.com/kihara_seiji,http://facebook.com/seiji.kihara,http://kiharaseiji.com/blog
東京都21区,長島 昭久,52,民主,前,https://twitter.com/nagashima21,https://ja-jp.facebook.com/aki.nagashima21,http://www.nagashima21.net
東京都21区,小田原 潔,50,自民,前,https://twitter.com/odawarakiyoshi,http://www.facebook.com/pages/小田原きよし/319460971405607,http://odawarakiyoshi.jp
東京都21区,吉岡 正史,40,共産,新,https://twitter.com/masafumi_yoshi,https://www.facebook.com/masafumi.yoshioka.5,http://blog.goo.ne.jp/yosshi-m_1974
東京都22区,山花 郁夫,47,民主,元,,,http://yamahanaikuo.com/
東京都22区,伊藤 達也,53,自民,前,https://twitter.com/tatsuyaito0501,https://www.facebook.com/tatsuya.ito.18,http://www.tatsuyaito.com/
東京都22区,坂内 淳,53,共産,新,,,
東京都22区,鹿野 晃,41,次世,新,https://twitter.com/kano_akira1,https://www.facebook.com/kano.akira0,http://www.kano-akira.org/
東京都23区,小倉 将信,33,自民,前,https://twitter.com/masanobu_ogura,https://www.facebook.com/masanobu.ogura.9?ref=ts,https://www.ogura-m.jp/
東京都23区,櫛渕 万里,47,民主,元,https://twitter.com/kushibuchi,,http://kushibuchi-mari.com/
東京都23区,松村 亮佑,34,共産,新,https://twitter.com/akahigepapa,,
東京都23区,伊藤 俊輔,35,維新,新,,,http://www.i-shunsuke.com/
東京都24区,阿久津 幸彦,58,民主,元,,,http://www.akutsu.org
東京都24区,市川 克宏,40,共産,新,https://twitter.com/matagiminarai,https://www.facebook.com/matagiminarai,
東京都24区,萩生田 光一,51,自民,前,,http://www.facebook.com/koichi.hagiuda,http://www.ko-1.jp
東京都24区,藤井 義裕,39,次世,新,https://twitter.com/yoshihirofujii1,http://www.facebook.com/profile.php?id=100005549012636,http://www.yoshihirofujii.net
東京都25区,井上 信治,45,自民,前,,,http://www.inoue-s.jp/
東京都25区,山下 容子,56,民主,新,,https://www.facebook.com/pages/山下ようこ/254632094661734,http://www.yamashita-yoko.com
東京都25区,井上 宣,40,共産,新,https://twitter.com/inoue_9,http://www.facebook.com/takashi.inoue.jcp,http://inoue9.hatenablog.com/
神奈川県1区,明石 行夫,55,共産,新,https://twitter.com/akasi_yukio,https://www.facebook.com/jcp.kanazawaku,http://akashi-yukio.jp/
神奈川県1区,松本 純,64,自民,前,https://twitter.com/junmatsumoto411,https://www.facebook.com/JunMatsumoto411,http://www.jun.or.jp
神奈川県1区,篠原 豪,39,維新,新,https://twitter.com/go_shinohara,https://www.facebook.com/shinohara.go,http://lets-go-yokohama.jp
神奈川県2区,三輪 智恵美,60,共産,新,https://twitter.com/miwacchi1,https://www.facebook.com/miwachiemi1953,http://www.miwa-chiemi.jp/
神奈川県2区,菅 義偉,66,自民,前,https://twitter.com/sugawitter,https://www.facebook.com/yoshihide.suga,http://www.sugayoshihide.gr.jp/
神奈川県2区,岡本 幸三,54,生活,新,,,
神奈川県3区,勝又 恒一郎,52,民主,元,https://twitter.com/470katsu,,http://katsumata.typepad.jp
神奈川県3区,横田 光弘,57,次世,新,,,http://www.yokota.jpn.com
神奈川県3区,木佐木 忠晶,30,共産,新,,,http://kisaki.jcpweb.jp
神奈川県3区,小此木 八郎,49,自民,前,,https://www.facebook.com/hachirou.okonogi,http://hachirou.com/
神奈川県4区,山本 朋広,39,自民,前,https://twitter.com/ty_polepole,https://www.facebook.com/polepole.ty,http://yamamoto-tomohiro.com
神奈川県4区,浅尾 慶一郎,50,無所,前,https://twitter.com/asao_keiichiro,https://ja-jp.facebook.com/KeiichiroASAO,http://www.asao.net/
神奈川県4区,荻原 隆宏,44,無所,新,https://twitter.com/ogiwaratak,https://www.facebook.com/takahiro.ogiwara1,https://www.ogiwara-takahiro.com
神奈川県4区,加藤 勝広,70,共産,新,,,
神奈川県5区,坂井 学,49,自民,前,https://twitter.com/sakai_manabu,http://www.facebook.com/manabu.sakai.165,http://sakaimanabu.com
神奈川県5区,水戸 将史,52,維新,新,https://twitter.com/mito_kickoff,https://www.facebook.com/masashi.mito.71,http://www.kickoff310.com/
神奈川県5区,後藤田 弥生,48,無所,新,,,http://gotoda-yayoi.com
神奈川県5区,河野 敏久,58,次世,新,,,
神奈川県5区,横山 征吾,43,共産,新,https://twitter.com/yokoyamaseigo,https://www.facebook.com/seigo.yokoyama.1,http://yokoyama-seigo5.blogspot.jp/
神奈川県6区,青柳 陽一郎,45,維新,前,https://twitter.com/aoyagy,https://www.facebook.com/aoyagy.net,http://aoyagy.net/info
神奈川県6区,三村 和也,39,民主,元,,https://www.facebook.com/kazuya.mimura.7,http://mimurakazuya.net/
神奈川県6区,上田 勇,56,公明,前,https://twitter.com/IsamuUeda,https://www.facebook.com/isamu.ueda.77,http://www.isamu-u.com
神奈川県6区,北谷 真利,53,共産,新,,,
神奈川県7区,鈴木 馨祐,37,自民,前,,,http://www.suzukikeisuke.jp/
神奈川県7区,豊田 有希,39,維新,新,https://twitter.com/y_toyota,https://www.facebook.com/yuki.toyota,
神奈川県7区,大山 奈々子,51,共産,新,https://twitter.com/nanako_jcp,https://www.facebook.com/nanako.ohyama,http://nanako.jcpweb.jp/
神奈川県7区,松田 学,57,次世,前,https://twitter.com/matsudamanabu,https://www.facebook.com/manabu.matsuda11,http://www.matsudamanabu.jp/
神奈川県7区,中谷 一馬,31,民主,新,https://twitter.com/kazuma_nakatani,https://www.facebook.com/NakataniKazuma,http://kazumanakatani.com/
神奈川県8区,江田 憲司,58,維新,前,https://twitter.com/edaoffice,http://www.facebook.com/edakenji,http://www.eda-k.net
神奈川県8区,若林 靖久,29,共産,新,https://twitter.com/wakayasu8,https://www.facebook.com/wakabayashi8,
神奈川県8区,福田 峰之,50,自民,前,https://twitter.com/fukudamineyuki,,http://fukuroh.air-nifty.com/katsudou/
神奈川県9区,中山 展宏,46,自民,前,https://twitter.com/norihiron,https://www.facebook.com/norihiro.nakayama.77,http://norihiro.org/
神奈川県9区,堀口 望,38,共産,新,https://twitter.com/horinozo,https://www.facebook.com/nozomuh,http://ameblo.jp/horinozo/
神奈川県9区,笠 浩史,49,民主,前,,https://www.facebook.com/103hirofumiryu,http://www.ryu-h.net
神奈川県9区,椎名 毅,39,維新,前,https://twitter.com/t_417_kawasaki,https://www.facebook.com/tsuyoshi.shiina.yourparty/,http://t-417.jp
神奈川県10区,城島 光力,67,民主,元,,,http://www.jojima.weblogs.jp/
神奈川県10区,中野 智裕,56,共産,新,https://twitter.com/Kana10Nakano,https://www.facebook.com/profile.php?id=100007257736252&fref=ts,
神奈川県10区,田中 和徳,65,自民,前,https://twitter.com/t_kazunori,https://www.facebook.com/kazunori.tanaka.14,
神奈川県11区,瀬戸 和弘,62,共産,新,,,http://kazu-seto.blogspot.jp/
神奈川県11区,小泉 進次郎,33,自民,前,,https://www.facebook.com/shinjiro.koizumi,https://shinjiro.info/
神奈川県12区,甘粕 和彦,31,次世,新,,https://www.facebook.com/kazuhiko.amakasu?-rdr,http://amakasukazuhiko.net/
神奈川県12区,星野 剛士,51,自民,前,https://twitter.com/hossys,https://www.facebook.com/hossys,http://www.t-stars.com
神奈川県12区,味村 耕太郎,25,共産,新,,,
神奈川県12区,阿部 知子,66,民主,前,https://twitter.com/abe_tomoko,https://www.facebook.com/#!/profile.php?id=100004675156297&fref=ts,http://www.abetomoko.jp
神奈川県13区,甘利 明,65,自民,前,,https://www.facebook.com/amariakiragenkikun,http://www.amari-akira.com/
神奈川県13区,高久 良美,60,共産,新,,,http://blog.goo.ne.jp/takakuyoshimi
神奈川県13区,伊藤 優太,29,維新,新,https://twitter.com/ito_yuta,https://www.facebook.com/itoyuta55,http://itoyuta.com/
神奈川県14区,赤間 二郎,46,自民,前,,https://www.facebook.com/people/jiro-Akama/100006029649875,http://www.akama.jp/
神奈川県14区,中本 太衛,49,次世,元,,,http://www.nakamoto.jpn.com/
神奈川県14区,中野渡 旬,66,共産,新,,,
神奈川県14区,本村 賢太郎,44,民主,元,,,http://dpj-kanagawa14.jp/kentarou_motomura/
神奈川県15区,池田 東一郎,53,無所,新,,https://www.facebook.com/1016ikeda.chigasaki,
神奈川県15区,河野 太郎,51,自民,前,https://twitter.com/konotarogomame,https://www.facebook.com/pages/%E6%B2%B3%E9%87%8E%E5%A4%AA%E9%83%8E/168727046514485,http://www.taro.org/
神奈川県15区,沼上 徳光,28,共産,新,https://twitter.com/tokumitsu3,,http://numakami19860525.blog.fc2.com
神奈川県16区,後藤 祐一,45,民主,前,,https://www.facebook.com/face.goto,http://www.jitsugen.jp
神奈川県16区,池田 博英,52,共産,新,,,
神奈川県16区,義家 弘介,43,自民,前,https://twitter.com/yoshiiehiroyuki,http://www.facebook.com/h.yoshiie,
神奈川県17区,牧島 かれん,38,自民,前,https://twitter.com/makishimakaren,http://www.facebook.com/makishimakaren,http://www.makishimakaren.com
神奈川県17区,吉田 福治,59,共産,新,,,
神奈川県17区,神山 洋介,39,民主,元,https://twitter.com/KAMIYAMA_Yosuke,https://www.facebook.com/yosuke.kamiyama.73?fref=ts,http://kamiyama-yosuke.com
神奈川県18区,北村 造,31,維新,新,https://twitter.com/kitamuraitaru,https://www.facebook.com/kitamuraitaru1,http://www.kitamuraitaru.com
神奈川県18区,樋高 剛,49,生活,元,https://twitter.com/hidaka_takeshi,http://www.facebook.com/seikatsuouenpapa,http://www.the-hidaka.net
神奈川県18区,塩田 儀夫,64,共産,新,,,
神奈川県18区,山際 大志郎,46,自民,前,https://twitter.com/yamagiwa001,http://www.facebook.com/yamagiwadaishiro.office,http://www.yamagiwa-daishiro.jp
神奈川県18区,中田 宏,50,次世,前,https://twitter.com/NAKADAHiroshi,http://www.facebook.com/NAKADAHiroshiOFFICE,http://www.nakada.net
新潟県1区,西村 智奈美,47,民主,元,https://twitter.com/chinami_niigata,http://www.facebook.com/chinami.nishimura,http://www.chinami.net
新潟県1区,石崎 徹,30,自民,前,https://twitter.com/TohruIshizaki,http://www.facebook.com/ishizaki.tohru,http://www.tohru-ishizaki.com/
新潟県1区,町田 明広,49,共産,新,https://twitter.com/matidakun,http://www.facebook.com/akihiro.matida.3,
新潟県2区,五位野 和夫,52,共産,新,https://twitter.com/kazuogoino,https://facebook.com/kazuo.goino,
新潟県2区,渡辺 英明,64,社民,新,https://twitter.com/watanabe_h0425,,
新潟県2区,細田 健一,50,自民,前,https://twitter.com/hosoda_kenichi,,http://hosoda-kenichi.jp/
新潟県2区,鷲尾 英一郎,37,民主,前,,https://www.facebook.com/pages/%E8%A1%86%E8%AD%B0%E9%99%A2%E8%AD%B0%E5%93%A1-%E3%82%8F%E3%81%97%E3%81%8A%E8%8B%B1%E4%B8%80%E9%83%8E/211206912260888,http://www.washio-e.jp
新潟県3区,伊藤 誠,40,共産,新,,,
新潟県3区,黒岩 宇洋,48,民主,元,https://twitter.com/kurotakahiro1,https://www.facebook.com/takahiro.kuroiwa.94,http://www.t-kuroiwa.jp/
新潟県3区,斎藤 洋明,38,自民,前,https://twitter.com/saito_hiroaki_,http://www.facebook.com/saitohiroaki2,http://www.saitoh-hiroaki.jp
新潟県4区,菊田 真紀子,45,民主,前,,,http://www.kikuta-makiko.net/
新潟県4区,西沢 博,34,共産,新,https://twitter.com/melf4511,http://www.facebook.com/hiroshi.nishizawa.3910,http://blog.goo.ne.jp/melf4511
新潟県4区,金子 恵美,36,自民,前,,https://www.facebook.com/megukin,http://kanekomegumi.net/
新潟県5区,森 ゆうこ,58,生活,新,https://twitter.com/moriyukogiin,https://www.facebook.com/yuko.mori.75873,http://www.mori-yuko.com/
新潟県5区,長島 忠美,63,自民,前,https://twitter.com/nagashima_t,,http://naga-yama.net/
新潟県5区,服部 耕一,45,共産,新,,,
新潟県6区,高鳥 修一,54,自民,前,,https://www.facebook.com/shuichi.takatori,http://takatori55jim.wordpress.com/
新潟県6区,高橋 ミキ子,55,共産,新,,,
新潟県6区,梅谷 守,41,民主,新,https://twitter.com/umetani_m,https://www.facebook.com/mamoru.umetani.1,http://www.umetani.net/blog/
富山県1区,田畑 裕明,41,自民,前,,https://www.facebook.com/tabatahiroakiteam,https://tabatahiroaki.com
富山県1区,吉田 豊史,44,維新,新,https://twitter.com/yoshidatoyo23,,http://toyo23.net/
富山県1区,高橋 渡,51,共産,新,https://twitter.com/wataru_taka63,https://www.facebook.com/wataru.takahashi.7,http://blogs.yahoo.co.jp/wataru_jcp_tym
富山県2区,宮腰 光寛,63,自民,前,,,http://www.mituhiro.com
富山県2区,東 篤,54,社民,新,,,http://a-azuma.org
富山県2区,平崎 功,58,共産,新,,,
富山県3区,橘 慶一郎,53,自民,前,,https://www.facebook.com/tachibana.keiichirou,http://www.t-k1.net
富山県3区,坂本 洋史,44,共産,新,https://twitter.com/hi_sakamoto,https://www.facebook.com/hiskm,http://jcp-sakamoto.sakura.ne.jp/
石川県1区,亀田 良典,66,共産,新,https://twitter.com/mo4kamesan,https://www.facebook.com/ryosuke.kameda.9,http://blog.goo.ne.jp/mo4mo4kamesan
石川県1区,馳 浩,53,自民,前,,https://www.facebook.com/hasehiroshi.kousiki,http://ameblo.jp/hase-hiroshi/
石川県1区,田中 美絵子,38,民主,元,,https://www.facebook.com/mieko.tanaka.370,http://www.tanakamieko.jp/
石川県2区,佐々木 紀,40,自民,前,,http://www.facebook.com/start.sasaki.hajime?hc_location=timeline,http://sasaki-hajime.jp
石川県2区,西村 祐士,60,共産,新,,https://www.facebook.com/people/Hiroshi-Nisimura/100005195506113,
石川県2区,浜崎 茂,47,無所,新,,,
石川県3区,渡辺 裕子,29,共産,新,https://twitter.com/Hide7Mk,https://www.facebook.com/yuko.watanabe.9022,http://blog.goo.ne.jp/sol-hide7
石川県3区,近藤 和也,41,民主,元,,,http://www.kondokazuya.com
石川県3区,北村 茂男,69,自民,前,,https://www.facebook.com/kitamurashigeo,
福井県1区,鈴木 宏治,41,維新,新,,http://www.facebook.com/koji.suzuki.office?fref=ts,http://koji-suzuki.com/
福井県1区,稲田 朋美,55,自民,前,,https://www.facebook.com/tomomi.inada.5,http://www.inada-tomomi.com/
福井県1区,金元 幸枝,56,共産,新,https://twitter.com/jcp_555,https://www.facebook.com/people/金元幸枝/100005810323550,http://blog.goo.ne.jp/yukiekanemoto
福井県2区,辻 一憲,49,民主,新,,https://www.facebook.com/ryokuju,http://tsuji-kazunori.jp
福井県2区,高木 毅,58,自民,前,,https://www.facebook.com/tsuyoshi.takagi.56?fref=ts,http://www.takagitsuyoshi.com/
福井県2区,宇野 邦弘,63,共産,新,,,http://blog.goo.ne.jp/kunihirouno
山梨県1区,中島 克仁,47,民主,前,https://twitter.com/KatsuNakajima,https://www.facebook.com/profile.php?id=100003030648555,http://katsuhito-nakajima.jp
山梨県1区,遠藤 昭子,63,共産,新,,https://www.facebook.com/akiko.endo.123276,http://endoakiko.jimdo.com/
山梨県1区,宮川 典子,35,自民,前,https://twitter.com/norikomiya,https://www.facebook.com/noriko.miyagawa.50,http://miyagawanoriko.com
山梨県2区,秋山 晃一,61,共産,新,,,
山梨県2区,長崎 幸太郎,46,無所,前,,https://www.facebook.com/kotaro.nagasaki?fref=ts,http://nagasakikotaro.jp/
山梨県2区,堀内 詔子,49,自民,前,https://twitter.com/genkihoriuchi,https://www.facebook.com/noriko.horiuchi.3572,http://genkihoriuchi.com/blog/
長野県1区,宮沢 隆仁,59,次世,前,https://twitter.com/tmiyazawa007,https://www.facebook.com/nagano.miyazawa,http://miyazawa-takahito.o.oo7.jp/
長野県1区,武田 良介,35,共産,新,https://twitter.com/ryon_t,http://www.facebook.com/ryosuke.takeda.737,http://ryousuket.wordpress.com/
長野県1区,篠原 孝,66,民主,前,,,http://www.shinohara21.com/blog/
長野県1区,小松 裕,53,自民,前,https://twitter.com/komatsu_yutaka,https://www.facebook.com/komatsu.yutaka,http://www.komatsuyutaka.com/
長野県2区,務台 俊介,58,自民,前,https://twitter.com/mutaishunsuke,http://www.facebook.com/mutai.shunsuke,http://www.mutai-shunsuke.jp
長野県2区,百瀬 智之,31,維新,前,,https://www.facebook.com/momose2012,http://momosenet.jp/
長野県2区,下条 みつ,58,民主,元,,,http://mitsu-net.com/
長野県2区,清沢 達也,40,共産,新,https://twitter.com/kurosawa2009,https://www.facebook.com/tatsuya.kiyosawa,
長野県3区,木内 均,50,自民,前,https://twitter.com/kiuchi_hitoshi,https://www.facebook.com/hitoshi.kiuchi.9,http://www.kiuchihitoshi.jp/
長野県3区,唐沢 千晶,44,共産,新,https://twitter.com/chiakikara310,http://www.facebook.com/chiakikara310,http://karasawa-chiaki.com/
長野県3区,井出 庸生,37,維新,前,https://twitter.com/yousei_ide,https://www.facebook.com/yousei.ide,https://yousei-ide.com/
長野県3区,寺島 義幸,61,民主,前,https://twitter.com/tera3yoshiyuki,,http://tera-3.com/
長野県4区,矢崎 公二,55,民主,元,,,http://yazakick.jp/
長野県4区,後藤 茂之,59,自民,前,,,http://www.510.to/
長野県4区,上田 秀昭,60,共産,新,,https://www.facebook.com/hideaki.ueda.98,http://blogs.yahoo.co.jp/nagano4ku_jcp
長野県5区,中嶋 康介,37,民主,新,,,
長野県5区,水野 力夫,34,共産,新,https://twitter.com/tikaaki0225,https://www.facebook.com/chikaaki.mizuno,http://rikkii.iinaa.net/
長野県5区,宮下 一郎,56,自民,前,,https://www.facebook.com/miyashita.ichiro,https://www.m-ichiro.jp/
岐阜県1区,野田 聖子,54,自民,前,,https://www.facebook.com/noda.seiko,http://www.noda-seiko.gr.jp/
岐阜県1区,大須賀 志津香,55,共産,新,https://twitter.com/ziziblackcat,,http://oosuga.jcpweb.net
岐阜県1区,吉田 里江,49,民主,新,,,http://www.yoshidarie.net
岐阜県2区,棚橋 泰文,51,自民,前,,,
岐阜県2区,森桜 房義,58,共産,新,,,
岐阜県3区,園田 康博,47,民主,元,https://twitter.com/sonodayasuhiro,https://www.facebook.com/yasuhiro.sonoda.58,http://homepage3.nifty.com/yy-sonoda/
岐阜県3区,服部 頼義,56,共産,新,,,
岐阜県3区,武藤 容治,59,自民,前,https://twitter.com/mutouyouji,facebook.com/youji.mutou.1,http://www.mutou-youji
岐阜県4区,伊島 明博,63,共産,新,,,http://www9.ocn.ne.jp/~isima/
岐阜県4区,今井 雅人,52,維新,前,https://twitter.com/imai_masato,https://www.facebook.com/masato.imai.7,http://www.imai-masato.com/
岐阜県4区,金子 一義,71,自民,前,,,
岐阜県5区,鷹見 信義,68,共産,新,,,
岐阜県5区,阿知波 吉信,51,民主,元,,,http://www.achiha.jp/
岐阜県5区,古屋 圭司,62,自民,前,,https://www.facebook.com/furuyakeiji,http://www.furuya-keiji.jp/
静岡県1区,河瀬 幸代,63,共産,新,,,
静岡県1区,上川 陽子,61,自民,前,,,http://www.kamikawayoko.net/
静岡県1区,小池 政就,40,維新,前,https://twitter.com/Masanari_Koike,https://www.facebook.com/koikemasanari,http://mkoike.cocolog-nifty.com/
静岡県1区,牧野 聖修,69,民主,元,,,http://www.seishu.org/
静岡県2区,松尾 勉,30,民主,新,,,http://matsuo-tsutomu.jp/
静岡県2区,井林 辰憲,38,自民,前,,,
静岡県2区,四ツ谷 恵,62,共産,新,,,http://meg-yotsuya.jimdo.com/
静岡県3区,小山 展弘,38,民主,元,,,
静岡県3区,松浦 敏夫,62,共産,新,,,
静岡県3区,宮沢 博行,39,自民,前,,,
静岡県4区,杉田 保雄,68,共産,新,,,
静岡県4区,望月 義夫,67,自民,前,,,http://www.m-yoshio.com/
静岡県4区,田村 謙治,46,民主,元,https://twitter.com/tamukenshizuoka,https://www.facebook.com/tamuken.net,http://www.tamuken.net/diary
静岡県5区,細野 豪志,43,民主,前,,,
静岡県5区,大庭 桃子,58,共産,新,,,
静岡県5区,吉川 赳,32,自民,前,,,
静岡県6区,勝俣 孝明,38,自民,前,https://twitter.com/takaaki_katsu,https://www.facebook.com/people/Katsumata-Takaaki/100002449220587,http://www.t-katsumata.com/
静岡県6区,佐藤 龍彦,38,共産,新,,,
静岡県6区,渡辺 周,53,民主,前,,https://facebook.com/watanabeshugiin,http://www.watanabeshu.org/
静岡県7区,野沢 正司,65,共産,新,,,
静岡県7区,城内 実,49,自民,前,,,http://www.m-kiuchi.com/
静岡県7区,松本 泰高,67,民主,新,,,
静岡県8区,源馬 謙太郎,41,維新,新,https://twitter.com/gemmakentaro,https://www.facebook.com/gemma.kentaro,http://gemma-kentaro.com/
静岡県8区,古橋 和大,38,無所,新,,,
静岡県8区,塩谷 立,64,自民,前,,https://www.facebook.com/shionoya.ryu,http://www.ryu48.gr.jp/
静岡県8区,落合 勝二,70,共産,新,,,
愛知県1区,広沢 一郎,50,諸派,新,https://twitter.com/ihiro16,https://www.facebook.com/ichiro.hirosawa,http://hiro.laborat.net/
愛知県1区,身玉山 宗三郎,41,次世,新,,http://www.facebook.com/Mitamayama.Seisakukenkyukai,http://mitamayama.jp
愛知県1区,平山 良平,66,社民,新,,,http://h-ryouhei.jp
愛知県1区,熊田 裕通,50,自民,前,https://twitter.com/kumadahiromichi,https://www.facebook.com/hiromichi.kumada.1,http://www.kumada-hiromichi.com/
愛知県1区,吉田 統彦,40,民主,元,,https://www.facebook.com/profile.php?id=100006068624077,http://www.yoshitsune-kai.jp/
愛知県1区,大野 宙光,51,共産,新,,https://www.facebook.com/hiromitsu.ohno.7,http://katsujiizon.cocolog-nifty.com/electoral_zone1/
愛知県2区,東郷 哲也,43,自民,前,,https://www.facebook.com/togotetsuya,http://www.togotetsuya.com
愛知県2区,古川 元久,49,民主,前,https://twitter.com/Fullgen,https://www.facebook.com/FurukawaMotohisa,http://ameblo.jp/furukawa-motohisa/
愛知県2区,黒田 二郎,66,共産,新,https://twitter.com/jirokuroda58,https://www.facebook.com/jiro.kuroda.73,http://jirokuroda.cocolog-nifty.com/
愛知県3区,増田 成美,41,諸派,新,,,
愛知県3区,石川 寿,49,共産,新,https://twitter.com/jcpstrnagoya?,https://www.facebook.com/profile.php?id=100004061764478&fref=ts,http://ishikawahisashi.blogspot.jp/
愛知県3区,池田 佳隆,48,自民,前,https://twitter.com/ikeda_0620,https://www.facebook.com/yoshitaka.ikeda.902,http://ikeda-yoshitaka.jp
愛知県3区,近藤 昭一,56,民主,前,,,http://www.kon-chan.org
愛知県3区,井桁 亮,45,次世,新,,,
愛知県4区,牧 義夫,56,維新,元,https://twitter.com/yoshiomaki758,https://www.facebook.com/maki.office,http://makiyoshio.jp/index.html
愛知県4区,工藤 彰三,50,自民,前,,https://www.facebook.com/kudoshozo,http://www.kudoshozo.jp/
愛知県4区,高橋 祐介,36,共産,新,https://twitter.com/you_t2,https://www.facebook.com/yuusuke.takahashi.3766,http://jcp-yusuke.com/
愛知県4区,刀禰 勝之,44,民主,新,https://twitter.com/tonekatsuyuki,https://www.facebook.com/katsuyuki.tone,http://www.tonekatsuyuki.jp/
愛知県5区,藤井 博樹,37,共産,新,https://twitter.com/fujii_hiroki758,,http://www.fujii-hiroki.net/
愛知県5区,赤松 広隆,66,民主,前,,,
愛知県5区,神田 憲次,51,自民,前,,https://www.facebook.com/kandakenji21/,http://www.kanda-kenji.jp/
愛知県5区,安田 庄一,47,次世,新,,https://www.facebook.com/yasudashoichi.jp,http://yasuda-shoichi.jp
愛知県6区,柳沢 けさ美,64,共産,新,https://twitter.com/ykesami,https://www.facebook.com/kesami.yanagisawa?fref=ts,http://y-kesami.jimdo.com/
愛知県6区,丹羽 秀樹,41,自民,前,https://twitter.com/niwahideki,https://www.facebook.com/hideki.niwa.148,http://blog.2wa.jp/
愛知県6区,森本 和義,48,民主,元,,http://www.facebook.com/morimoto.kazuyoshi,
愛知県7区,鈴木 淳司,56,自民,前,,https://www.facebook.com/junji.suzuki.39?fref=ts,http://suzukaze.net/
愛知県7区,山尾 志桜里,40,民主,元,https://twitter.com/ShioriYamao,https://www.facebook.com/yamaoshiori,http://www.yamaoshiori.jp/
愛知県7区,郷右近 修,36,共産,新,https://twitter.com/osamug1978,,http://gouukon.jcpweb.net/
愛知県8区,伊藤 忠彦,50,自民,前,,https://www.facebook.com/itoh.tadahiko,http://tadahiko-itoh.com
愛知県8区,伴野 豊,53,民主,元,,http://www.facebook.com/banno2000,http://bannoyutaka.jp
愛知県8区,長友 忠弘,55,共産,新,,https://www.facebook.com/tadahiro.nagatomo?fref=ts,http://www.jcp-chita.jp/elections/detail/1
愛知県9区,長坂 康正,57,自民,前,,,http://nagasakayasumasa.mie1.net/
愛知県9区,岡本 充功,43,民主,元,,,http://www.mitsunori.net/
愛知県9区,渡辺 裕,34,共産,新,,https://www.facebook.com/watanabe.hiroshi.79?fref=ts,
愛知県10区,板倉 正文,56,共産,新,,https://www.facebook.com/masafumi.itakura.5?fref=ts,http://itakura-m.jimdo.com/
愛知県10区,江崎 鉄磨,71,自民,前,,,http://www.tetsuma-net.com/
愛知県10区,杉本 和巳,54,無所,前,https://twitter.com/sugichannet,https://facebook.com/kazumisugimoto90,https://sugichan.net
愛知県10区,小林 弘子,75,民主,新,,,
愛知県11区,八木 哲也,67,自民,前,,http://www.facebook.com/aichi11.yagi,http://yagi-tetsuya.net/
愛知県11区,古本 伸一郎,49,民主,前,,http://www.facebook.com/furumoto.shinichiro,http://s-furumoto.net
愛知県11区,牧田 充生,60,共産,新,,,
愛知県12区,牧野 次郎,56,共産,新,,,
愛知県12区,重徳 和彦,43,維新,前,https://twitter.com/shigetoku2,https://www.facebook.com/kazuhiko.shigetoku,http://www.shigetoku.jp/
愛知県12区,青山 周平,37,自民,前,,https://www.facebook.com/pages/青山周平事務所/711415588905921,http://aoyama-shuhei.jp
愛知県13区,宮地 勲,60,共産,新,,,
愛知県13区,大西 健介,43,民主,前,,http://www.facebook.com/kensuke.onishi1,http://www.oniken-web.jp
愛知県13区,大見 正,56,自民,前,https://twitter.com/ohmisei,,http://www.geocities.jp/bnn00434/
愛知県14区,鈴木 克昌,71,民主,前,,https://www.facebook.com/katsumasa.suzuki.39,http://suzuki-katsumasa.jp
愛知県14区,袴田 富治,62,共産,新,,https://www.facebook.com/profile.php?id=100006700937500&fref=ts,
愛知県14区,今枝 宗一郎,30,自民,前,https://twitter.com/imaeda_soichiro,https://www.facebook.com/soichiro.imaeda,http://www.imaeda-sou.com/category/no-category/
愛知県15区,根本 幸典,49,自民,前,,,http://ameblo.jp/yukinori-nemoto/
愛知県15区,串田 真吾,38,共産,新,https://twitter.com/kushiy?,https://www.facebook.com/shingo.kushida.5?fref=ts,http://ameblo.jp/kushiy/theme-10053068028.html
愛知県15区,関 健一郎,36,民主,新,https://twitter.com/SekiKenichiro,https://www.facebook.com/SekiKenichiro88,http://seki-kenichiro.jp/
三重県1区,川崎 二郎,67,自民,前,,,http://www.kawasaki-jiro.ne.jp/
三重県1区,橋本 マサ子,68,共産,新,https://twitter.com/maasa518,,
三重県1区,松田 直久,60,維新,新,,,http://www.n-matsuda.jp
三重県2区,島田 佳和,44,自民,前,,https://www.facebook.com/yoshikazu.shimada.52,http://y-shimada.jp
三重県2区,中野 武史,40,共産,新,,,http://nakano.jcp-mie.jp
三重県2区,中川 正春,64,民主,前,,https://www.facebook.com/nakagawa.masaharu,http://www.masaharu.gr.jp
三重県3区,嶋田 幸司,40,自民,新,,,http://shimada-kouji.com
三重県3区,釜井 敏行,32,共産,新,https://twitter.com/kamappe0930,https://www.facebook.com/profile.php?id=100006076390702,
三重県3区,岡田 克也,61,民主,前,,https://www.facebook.com/katsuyaokada,http://www.katsuya.net
三重県4区,田村 憲久,50,自民,前,,,http://www.tamura-norihisa.jp
三重県4区,松木 豊年,62,共産,新,,https://www.facebook.com/profile.php?id=100005048775029&fref=ts,
三重県5区,三ツ矢 憲生,64,自民,前,,,http://mitsuya-norio.com
三重県5区,内藤 弘一,50,共産,新,https://twitter.com/kouchian1,https://ja-jp.facebook.com/kouichi.naitou.9,http://blogs.yahoo.co.jp/yjbcg640
三重県5区,藤田 大助,38,民主,元,,https://www.facebook.com/fujitadaisuke,http://www.f-daisuke.jp
滋賀県1区,川端 達夫,69,民主,前,,https://www.facebook.com/tatsuo.kawabata.1945,http://www.kawa-bata.net/index.php
滋賀県1区,佐藤 耕平,32,共産,新,,https://facebook.com/kohei.sato.37669?,
滋賀県1区,大岡 敏孝,42,自民,前,,https://www.facebook.com/toshitaka.ooka,https://oooka.com/blog
滋賀県2区,田島 一成,52,民主,元,https://twitter.com/tajimaissei,https://ja-jp.facebook.com/tajimaissei,http://www.tajimaissei.com/
滋賀県2区,中川 睦子,56,共産,新,,,http://d.hatena.ne.jp/muchan3311/
滋賀県2区,上野 賢一郎,49,自民,前,https://twitter.com/Ueno_Kenichiro,https://www.facebook.com/profile.php?id=100003561880790,http://uenokenichiro.jp
滋賀県3区,小川 泰江,51,民主,新,https://twitter.com/ogawa_yasue,https://www.facebook.com/ogawayasue,http://ogawayasue.net
滋賀県3区,西川 仁,67,共産,新,,http://www.facebook.com/jin3jcp,
滋賀県3区,武村 展英,42,自民,前,,,http://nobuhide.com
滋賀県4区,徳永 久志,51,民主,新,,https://ja-jp.facebook.com/tokunaga.hisashi,http://www.e-siga.com
滋賀県4区,西沢 耕一,36,共産,新,,,
滋賀県4区,武藤 貴也,35,自民,前,https://twitter.com/takaya_mutou,https://facebook.com/takaya-mutou.7,http://ameblo.jp/mutou-takaya/
滋賀県4区,岩永 裕貴,41,維新,前,,https://www.facebook.com/hiroki.iwanaga.378,http://www.iwanagahiroki.net
京都府1区,穀田 恵二,67,共産,前,https://twitter.com/kokutakeiji,https://www.facebook.com/kokutakeiji,http://kokuta-keiji.jp/
京都府1区,伊吹 文明,76,自民,前,,,
京都府1区,田坂 幾太,62,維新,新,https://twitter.com/TasakaIkuta,,http://www.i-tasaka.jp
京都府1区,平 智之,55,無所,元,https://twitter.com/tairatomoyuki,http://www.facebook.com/tomoyuki.taira.16,http://www.t-taira.net
京都府1区,蜷川 澄村,63,無所,新,,,
京都府2区,上中 康司,52,自民,新,https://twitter.com/uenakakoji,http://www.facebook.com/kojiuenaka,http://uenakakoji.com
京都府2区,前原 誠司,52,民主,前,,,http://www.maehara21.com/index.php
京都府2区,原 俊史,47,共産,新,https://twitter.com/toshifumihara1,https://www.facebook.com/toshifumi.hara,http://www.h7.dion.ne.jp/~t-hara/
京都府3区,泉 健太,40,民主,前,https://twitter.com/office50824963,,http://www.ikenta.net
京都府3区,清水 鴻一郎,68,維新,前,,https://www.facebook.com/shimizukoichiro,http://www.dr-shimizu.jp
京都府3区,宮崎 謙介,33,自民,前,https://twitter.com/kensuke_kyoto,http://www.facebook.com/miyazaki.kensuke,http://kensuke.me/
京都府3区,石村 和子,64,共産,新,https://twitter.com/ishimura_kazuko,https://www.facebook.com/ishimurakazuko?fref=ts,http://www.jcp-kyoto.jp/ishimura/
京都府4区,北神 圭朗,47,民主,元,https://twitter.com/kitagamikeiro,https://www.facebook.com/kitagamikeiro,http://www.kitagami.gr.jp/
京都府4区,田中 英之,44,自民,前,,https://ja-jp.facebook.com/hideyuki.tanaka.790,http://www.tanakahideyuki.jp/
京都府4区,畑本 久仁枝,60,維新,新,https://twitter.com/hatamoto_kunie,https://ja-jp.facebook.com/kuniehatamoto7623,http://jin-hatamoto.jp/
京都府4区,吉田 幸一,40,共産,新,https://twitter.com/koichiyoshida4,https://ja-jp.facebook.com/koichi.yoshida.90,http://www.jcp-kyoto.jp/yoshida/
京都府5区,谷垣 禎一,69,自民,前,,,http://tanigaki-s.net/
京都府5区,山内 健,46,共産,新,https://twitter.com/kyamauchi2,,http://www.jcp-kyoto.jp/yamauchi/
京都府5区,小原 舞,40,民主,元,,https://www.facebook.com/mai.ohara.58,http://www.oharamai.jp/
京都府6区,山井 和則,52,民主,前,https://twitter.com/yamanoikazunori,https://www.facebook.com/#!/yamanoikazunori,http://www.yamanoi.net/
京都府6区,安藤 裕,49,自民,前,https://twitter.com/andouhiroshi,https://www.facebook.com/office.ando.hiroshi,https://www.andouhiroshi.jp/
京都府6区,上條 亮一,28,共産,新,https://twitter.com/ryoichikamijo,,http://ryoichikamijo.com/
大阪府1区,井上 英孝,43,維新,前,https://twitter.com/hidetaka_i,https://www.facebook.com/inouehidetaka.ishin,http://www.hidetaka-inoue.com/
大阪府1区,柴山 昇,61,共産,新,,,
大阪府1区,大西 宏幸,47,自民,新,https://twitter.com/onishi_hiroyuki,http://www.facebook.com/hiroyuki.onishi.37,http://ameblo.jp/onishi-h/
大阪府2区,左藤 章,63,自民,前,,,
大阪府2区,山本 陽子,60,共産,新,https://twitter.com/yamamoto__yoko,https://www.facebook.com/profile.php?id=100006073895809,http://ameblo.jp/yamamotoyouko
大阪府2区,椎木 保,48,維新,前,,https://www.facebook.com/pages/%E3%81%97%E3%81%84%E3%81%8D%E3%81%9F%E3%82%82%E3%81%A4%E5%BE%8C%E6%8F%B4%E4%BC%9A/558623767560015,http://shiiki-tamotsu.jp/
大阪府3区,佐藤 茂樹,55,公明,前,,,http://sato-shigeki.com/
大阪府3区,渡部 結,33,共産,新,https://twitter.com/yuiwatanabe3ku,http://www.facebook.com/yui.watanabe.9659,http://watanabe.wajcp.net/
大阪府4区,清水 忠史,46,共産,新,https://twitter.com/tadashishimizu,https://www.facebook.com/tadashi.shimizu.90,http://www.shimizu-tadashi.jp/
大阪府4区,吉村 洋文,39,維新,新,,,http://blog.yoshimura-hirofumi.com/
大阪府4区,中山 泰秀,44,自民,前,https://twitter.com/iloveyatchan,https://www.facebook.com/yasuhide.nakayama,http://www.iloveosaka.jp/
大阪府4区,吉田 治,52,無所,元,,,http://www.y-osamu.com/
大阪府5区,石井 美鈴,50,共産,新,,,http://yaplog.jp/jcp-no1/
大阪府5区,国重 徹,40,公明,前,https://twitter.com/torukunishige,http://facebook.com/toru.kunishige,http://kunishige-toru.com/
大阪府6区,渡司 考一,62,共産,新,,https://www.facebook.com/koichi.watashi,http://park1.wakwak.com/~momi/watasiHP/
大阪府6区,伊佐 進一,40,公明,前,https://twitter.com/isashinichi,https://www.facebook.com/isashinichi.1341,http://isa41.net
大阪府6区,村上 史好,62,生活,前,,,
大阪府7区,村口 久美子,42,共産,新,,,
大阪府7区,渡嘉敷 奈緒美,52,自民,前,https://twitter.com/naomi_tokashiki,https://www.facebook.com/naomi.tokashiki.7?fref=ts,http://naomitokas.exblog.jp
大阪府7区,上西 小百合,31,維新,前,,https://www.facebook.com/uenishi.sayuri,http://uenishi-sayuri.com/
大阪府8区,大塚 高司,50,自民,前,,,http://www.otsuka001.com/
大阪府8区,木下 智彦,45,維新,前,https://twitter.com/tommykun01,https://www.facebook.com/KinoshitaIshin,https://kinoshita-tomohiko.net
大阪府8区,上田 孝之,56,次世,新,,,http://www.ueda-takayuki.net
大阪府8区,服部 良一,64,社民,元,,,http://hattori-ryoichi.com
大阪府8区,山端 光子,56,共産,新,,,http://www.ameblo.jp/mitsukoyamahata/
大阪府9区,足立 康史,49,維新,前,https://twitter.com/adachiyasushi,https://www.facebook.com/issue.net,http://ameblo.jp/adachiyasushi/
大阪府9区,辻 恵,66,無所,元,https://twitter.com/ganbarutsuji,https://www.facebook.com/megumu.tsuji,
大阪府9区,原田 憲治,66,自民,前,https://twitter.com/harada_kenji/,http://www.facebook.com/kenji.harada.12,http://haradakenji.com/
大阪府9区,垣田 千恵子,71,共産,新,https://twitter.com/chieko_kakita,https://www.facebook.com/chieko.kakita?fref=ts,
大阪府10区,辻元 清美,54,民主,前,https://twitter.com/tsujimotokiyomi,https://www.facebook.com/profile.php?id=100005838250019&fref=ts,http://www.kiyomi.gr.jp/
大阪府10区,松浪 健太,43,維新,前,https://twitter.com/matsunamikenta,https://www.facebook.com/matsunami.kenta,http://ameblo.jp/kenta-dosyusei
大阪府10区,大隈 和英,45,自民,新,,https://www.facebook.com/kowcuma,http://www.okuma10.com/
大阪府10区,浅沼 和仁,53,共産,新,,,http://www3.ocn.ne.jp/~osaka10c/
大阪府11区,平野 博文,65,民主,元,,,http://www.hhirano.jp/
大阪府11区,三和 智之,39,共産,新,https://twitter.com/1975_miwa,https://www.facebook.com/tomoyuki.miwa3,http://shoot128.exblog.jp/
大阪府11区,伊東 信久,50,維新,前,,https://m.facebook.com/itonobuhisa0104,https://n-ito.jp/
大阪府11区,佐藤 ゆかり,53,自民,元,https://twitter.com/satoyukari,http://www.facebook.com/satoyukari.japan,http://ameblo.jp/sato-yukari
大阪府12区,吉井 芳子,52,共産,新,,https://www.facebook.com/yoshiko.yoshii5,http://yoshiyoshi441445.blog.fc2.com/
大阪府12区,堅田 壮一郎,28,維新,新,,https://www.facebook.com/soichiro.katada,
大阪府12区,北川 知克,63,自民,前,,,http://www.k-tomokatsu.com
大阪府12区,樽床 伸二,55,民主,元,,https://www.facebook.com/tarutokoshinji,http://www.tarutoko.jp
大阪府13区,西野 弘一,45,次世,前,https://twitter.com/nishino_koichi,,http://www.koichi-nishino.com/
大阪府13区,荒谷 恵美子,63,共産,新,,,
大阪府13区,宗清 皇一,44,自民,新,https://twitter.com/munekiyoOffice,,http://www.hct.zaq.ne.jp/munekiyo/
大阪府14区,三宅 博,64,次世,前,https://twitter.com/_MiyakeHiroshi_,http://www.facebook.com/miyakehiroshi507,http://www.miyakehiroshi.net
大阪府14区,長尾 敬,52,自民,元,https://twitter.com/takashinagao,http://www.facebook.com/tnagao21,http://blog.goo.ne.jp/japan-n
大阪府14区,野沢 倫昭,66,共産,新,,,http://blogs.yahoo.co.jp/jcp14yaokasiwara
大阪府14区,谷畑 孝,67,維新,前,,,http://www.tanihata.net
大阪府15区,為 仁史,65,共産,新,,,http://blog.goo.ne.jp/tame15
大阪府15区,浦野 靖人,41,維新,前,https://twitter.com/uranoyasuto,http://www.facebook.com/yasuto.urano,
大阪府15区,竹本 直一,74,自民,前,https://twitter.com/NaokazuTakemoto,https://www.facebook.com/naokazu.takemoto.7,http://www.takemotonaokazu.com/
大阪府16区,北側 一雄,61,公明,前,,,http://kitagawa-sakai.jp/
大阪府16区,森山 浩行,43,民主,元,,https://www.facebook.com/moriyamahiroyuki.wo.sodateru,
大阪府16区,益 修一,36,共産,新,,,
大阪府16区,西村 真悟,66,次世,前,,,http://www.n-shingo.com/
大阪府17区,吉岡 孝嘉,56,共産,新,,,http://takayoshiyoshioka.cocolog-nifty.com/
大阪府17区,岡下 昌平,39,自民,新,,,http://ameblo.jp/okashita-shohei/
大阪府17区,馬場 伸幸,49,維新,前,,,https://www.baba-nobuyuki.com/
大阪府18区,矢野 忠重,64,共産,新,,https://www.facebook.com/tadasige.yano.7,
大阪府18区,遠藤 敬,46,維新,前,,https://www.facebook.com/people/遠藤敬/100007432056229,http://blog.livedoor.jp/akitadog/
大阪府18区,神谷 昇,65,自民,新,,http://facebook.com/noboru.kamitani,http://noboru-kamitani.com/
大阪府19区,長安 豊,46,民主,元,https://twitter.com/nagayasu2,http://facebook.com/nagayasutakashi,http://www.nagayasu.ne.jp
大阪府19区,丸山 穂高,30,維新,前,https://twitter.com/maruyamahodaka,https://www.facebook.com/maruyamahodaka,http://blog.livedoor.jp/maruyamahodaka/
大阪府19区,北村 みき,48,共産,新,https://twitter.com/0620_appletree,http://www.facebook.com/pages/北村みき日本共産党大阪１９区国政対策委員長/800514530004865?sk,http://ameblo.jp/miraini-kibou/
大阪府19区,谷川 とむ,38,自民,新,https://twitter.com/Tom_Tanigawa,https://ja-jp.facebook.com/tanigawa.tom,http://www.tanigawatom.com/blog/
兵庫県1区,井坂 信彦,40,維新,前,,,
兵庫県1区,盛山 正仁,61,自民,前,,,
兵庫県1区,筒井 哲二朗,43,共産,新,,,
兵庫県2区,赤羽 一嘉,56,公明,前,,,
兵庫県2区,平松 順子,65,共産,新,,,
兵庫県2区,向山 好一,57,民主,元,,,
兵庫県3区,横畑 和幸,43,民主,新,,,
兵庫県3区,関 芳弘,49,自民,前,,,
兵庫県3区,新原 秀人,52,維新,前,,,
兵庫県3区,和田 有一朗,50,次世,新,,,
兵庫県3区,冨士谷 香恵子,62,共産,新,,,
兵庫県4区,林 政人,61,共産,新,,,
兵庫県4区,藤井 比早之,43,自民,前,,,
兵庫県4区,永井 寿也,41,維新,新,,,
兵庫県5区,三木 圭恵,48,維新,前,,,http://mikikee55.com/
兵庫県5区,谷 公一,62,自民,前,,,http://www.tanikouichi.jp/
兵庫県5区,西中 孝男,65,共産,新,,,
兵庫県6区,吉岡 健次,45,共産,新,,https://www.facebook.com/yoshioka.kenji1,http://yoshioka-kenji.blogspot.jp/
兵庫県6区,辻 泰弘,58,民主,新,,https://www.facebook.com/yasuhiro.tsuji.hyogo,http://www.yasuhiro-tsuji.jp/
兵庫県6区,杉田 水脈,47,次世,前,https://twitter.com/miosugita,http://www.facebook.com/mio.sugita.5,http://blog.livedoor.jp/sugitamio/
兵庫県6区,大串 正樹,48,自民,前,https://twitter.com/ogushi_masaki,https://www.facebook.com/masaki.ogushi,http://www.m-ogushi.com
兵庫県7区,大前 春代,30,無所,新,https://twitter.com/haruyo_25,https://www.facebook.com/haruyo25.jp,http://haruyo25.jp/
兵庫県7区,浜本 鶴男,70,共産,新,,,
兵庫県7区,山田 賢司,48,自民,前,https://twitter.com/Ymd_Knj,https://www.facebook.com/kenji.yamada.54,http://yamada-kenji.com
兵庫県7区,畠中 光成,42,維新,前,https://twitter.com/hatanaka_mitsu,https://www.facebook.com/hatanaka.mitsunari,http://hatanaka.hyogo.jp
兵庫県7区,石井 登志郎,43,民主,元,https://twitter.com/Toshiro141,https://www.facebook.com/ishii.toshiro,http://www.toshiro.jp
兵庫県8区,中野 洋昌,36,公明,前,https://twitter.com/Hiro_NAKANO_,https://www.facebook.com/nakanohiromasa.office,http://www.nakano-hiromasa.com/
兵庫県8区,庄本 悦子,60,共産,新,,,http://etsukosho.exblog.jp
兵庫県9区,新町 美千代,67,共産,新,,,
兵庫県9区,西村 康稔,52,自民,前,,,
兵庫県10区,渡海 紀三朗,66,自民,前,,,
兵庫県10区,井沢 孝典,64,共産,新,https://twitter.com/takaiza999,http://www.facebook.com/takanori.izawa.5,http://kyoiku9rinsho.at.webry.info/
兵庫県10区,松井 雅博,35,維新,新,,,http://blog.livedoor.jp/masahiro_matsui/
兵庫県11区,頭師 暢秀,44,自民,新,,,http://n-zushi.jp/
兵庫県11区,苦瓜 一成,61,共産,新,,,
兵庫県11区,松本 剛明,55,民主,前,,,http://www.m-takeaki.jp/
兵庫県12区,堀 譲,64,共産,新,https://twitter.com/yuzuruhori_jcp,,
兵庫県12区,山口 壮,60,無所,前,,https://www.facebook.com/244yamaguchi,http://www.mission21.gr.jp
兵庫県12区,村上 賀厚,55,維新,新,,https://www.facebook.com/ishinmurakami,
兵庫県12区,戸井田 真太郎,36,無所,新,,https://www.facebook.com/toidashintaro,http://www.toi-da.com
奈良県1区,馬淵 澄夫,54,民主,前,https://twitter.com/mabuchi_sumio,https://www.facebook.com/sumio.mabuchi,http://mabuti-sumio.cocolog-nifty.com/
奈良県1区,谷川 和広,36,共産,新,https://twitter.com/taniyan17,https://www.facebook.com/profile.php?id=100002870995157,http://ameblo.jp/tanipon17/
奈良県1区,小林 茂樹,50,自民,前,,https://www.facebook.com/jimin.kobayashi,http://www.kobayashi-nara.com/
奈良県2区,中村 哲治,43,生活,元,https://twitter.com/NakamuraTetsuji,https://www.facebook.com/tetsuji.nakamura.1,http://tezj.jp/
奈良県2区,和泉 信丈,31,共産,新,,,
奈良県2区,高市 早苗,53,自民,前,,,https://www.sanae.gr.jp/
奈良県3区,奥野 信亮,70,自民,前,,https://www.facebook.com/okuno.shinsuke,https://www.okunoshinsuke.jp/
奈良県3区,栗原 絵里子,46,維新,新,https://twitter.com/erikokurihara,https://www.facebook.com/nekonohako,
奈良県3区,正木 敦,43,共産,新,,,
奈良県4区,田野瀬 太道,40,自民,前,,,
奈良県4区,山崎 タヨ,64,共産,新,,,
奈良県4区,大西 孝典,58,民主,元,https://twitter.com/0024takanori,http://www.facebook.com/0024takanoripage,http://www.0024takanori.jp
和歌山県1区,門 博文,49,自民,前,,http://www.facebook.com/hirofumi.kado,http://www.warau-kado.jp
和歌山県1区,岸本 周平,58,民主,前,https://twitter.com/shuheikishimoto,https://www.facebook.com/shuheikishimoto.jp,http://shuheikishimoto.jp
和歌山県1区,国重 秀明,54,共産,新,https://twitter.com/kunisige1960,,http://wajcp.exblog.jp
和歌山県2区,阪口 直人,51,維新,前,https://twitter.com/Sakaguchi_Naoto,,http://www.naotosakaguchi.com
和歌山県2区,富岡 清彦,65,共産,新,,http://www.facebook.com/100004478088182,http://tomioka.kihoku-jcp.com/kiyohiko/
和歌山県2区,石田 真敏,62,自民,前,,,http://www.ishida-masatoshi.net/
和歌山県3区,原 矢寸久,63,共産,新,https://twitter.com/syogatani,,http://kiihanto.exblog.jp/
和歌山県3区,二階 俊博,75,自民,前,,,http://www.nikai.jp/
鳥取県1区,塚田 成幸,50,共産,新,,https://www.facebook.com/naruyuki.tukada,
鳥取県1区,石破 茂,57,自民,前,https://twitter.com/shigeruishiba,https://www.facebook.com/ishibashigeru,http://ishiba-shigeru.cocolog-nifty.com/
鳥取県2区,湯原 俊二,52,民主,元,,,http://www.yuhara.net/
鳥取県2区,赤沢 亮正,53,自民,前,https://twitter.com/ryosei_akazawa,https://www.facebook.com/akazawa.ryosei,http://ameblo.jp/ryosei-akazawa/
鳥取県2区,福住 英行,39,共産,新,https://twitter.com/fukuzumih,http://www.facebook.com/fukuzumih?fref=ts,http://fukuzumihideyuki.jimdo.com
島根県1区,上代 善雄,60,共産,新,,https://www.facebook.com/jcp.zyoudai,http://jcp-shimane.jp/
島根県1区,細田 博之,70,自民,前,https://twitter.com/HosodaHiroyuki,http://www.facebook.com/hiroyuki.hosoda.54,
島根県1区,和田 章一郎,67,民主,新,,https://www.facebook.com/wadashow,
島根県2区,向瀬 慎一,43,共産,新,https://twitter.com/mukose3,http://www.facebook.com/shinichi.mukose,http://ameblo.jp/smn-mukose
島根県2区,山本 誉,57,社民,新,,,
島根県2区,竹下 亘,68,自民,前,,,
岡山県1区,高井 崇志,45,維新,元,https://twitter.com/t_takai,,http://www.takaitakashi.com
岡山県1区,向谷 千鳥,56,共産,新,,,
岡山県1区,逢沢 一郎,60,自民,前,https://twitter.com/ichiroaisawa,http://www.facebook.com/IchiroAISAWA,http://www.aisawa.net
岡山県2区,山下 貴司,49,自民,前,https://twitter.com/YAMASHITA_OK,https://www.facebook.com/takashi.yamashita.7,http://yamashita-takashi.jp/
岡山県2区,津村 啓介,43,民主,前,https://twitter.com/Tsumura_Keisuke,http://www.facebook.com/tsumurakeisuke,
岡山県2区,井上 素子,67,共産,新,,,
岡山県3区,阿部 俊子,55,自民,前,,https://www.facebook.com/toshiko.abe.313,http://abetoshiko.com/activity/abeblog/
岡山県3区,古松 国昭,69,共産,新,,,
岡山県3区,平沼 赳夫,75,次世,前,,,http://hiranuma.org
岡山県4区,柚木 道義,42,民主,前,https://twitter.com/yunoki_m,,https://www.yuzu.jp/
岡山県4区,橋本 岳,40,自民,前,https://twitter.com/ga9_h,https://www.facebook.com/gaku.hashimoto.3,http://ga9.jp
岡山県4区,垣内 雄一,50,共産,新,https://twitter.com/kakiutiyuuiti,https://www.facebook.com/yuuiti.kakiuti,http://kakiuti.cocolog-nifty.com/
岡山県5区,美見 芳明,57,共産,新,,,http://jcp-seibu.sakura.ne.jp/chiku/
岡山県5区,加藤 勝信,59,自民,前,,,
広島県1区,白坂 理香,48,維新,新,,,
広島県1区,大西 理,48,共産,新,https://twitter.com/peaceosanishi,https://www.facebook.com/osamu.onishi.739,http://d.hatena.ne.jp/jcposamu/
広島県1区,伊藤 真二,47,次世,新,https://twitter.com/jisedaiitoh,,
広島県1区,岸田 文雄,57,自民,前,,https://www.facebook.com/fkishida,https://www.kishida.gr.jp/
広島県2区,松本 大輔,43,民主,元,,https://ja-jp.facebook.com/dakaradaisuke,http://www.dakara-daisuke.com
広島県2区,平口 洋,66,自民,前,,,http://ameblo.jp/hiraguchihiroshi
広島県2区,藤本 聡志,60,共産,新,,https://www.facebook.com/profile.php?id=100006891949363&fref=ts,http://fujimoto-st.cocolog-nifty.com/
広島県3区,河井 克行,51,自民,前,,,http://www.kawaikatsuyuki.com
広島県3区,清水 貞子,67,共産,新,,https://www.facebook.com/people/%E6%B8%85%E6%B0%B4-%E3%81%A6%E3%81%84%E3%81%93/100007007315519,
広島県3区,橋本 博明,44,民主,元,,,http://www.happy-hassy.net
広島県4区,中石 仁,52,共産,新,,,
広島県4区,中丸 啓,51,次世,前,https://twitter.com/maruchan777jp,https://ja-jp.facebook.com/nakamaru.hiromu,http://s.ameblo.jp/nakamaru-hiromu/
広島県4区,中川 俊直,44,自民,前,,https://www.facebook.com/toshinao.nakagawa,
広島県5区,尾崎 光,62,共産,新,,,
広島県5区,寺田 稔,56,自民,前,https://twitter.com/terada124,https://www.facebook.com/teradaminoru/,http://www.teradaminoru.com/
広島県6区,亀井 静香,78,無所,前,,,http://www.kamei-shizuka.net
広島県6区,寺田 明充,63,共産,新,,,
広島県6区,小島 敏文,64,自民,前,https://twitter.com/kojimatoshifumi,https://www.facebook.com/kojimatoshifumi.fp,http://jimin-kojima.jugem.jp/
広島県7区,小林 史明,31,自民,前,https://twitter.com/kb2474,https://www.facebook.com/fumiaki.kobayashi.2012,http://ameblo.jp/fumiakikobayashi/
広島県7区,村田 享子,31,民主,新,,,
広島県7区,坂元 大輔,32,次世,前,https://twitter.com/dsakamoto23rd,https://www.facebook.com/dsakamoto23rd,http://daisuke-sakamoto.jp
広島県7区,小浜 一輝,58,共産,新,,,
山口県1区,高村 正彦,72,自民,前,,,http://www.koumura.net
山口県1区,高邑 勉,40,維新,元,https://twitter.com/tsutomutakamura,https://ja-jp.facebook.com/tsutomu.takamura.56,http://takamuratsutomu.com
山口県1区,藤井 直子,62,共産,新,https://twitter.com/fujiinaokojcp,,http://jcp-yamaguchi.jimdo.com
山口県2区,岸 信夫,55,自民,前,https://twitter.com/KishiNobuo,https://ja-jp.facebook.com/kishinobuo,http://www.kishi-jpn.com/
山口県2区,平岡 秀夫,60,民主,元,,,http://hiraoka-hideo.jp
山口県2区,赤松 義生,60,共産,新,,,http://jcp-yamaguchi.jimdo.com/
山口県3区,河村 建夫,72,自民,前,https://twitter.com/takeokawamura,http://www.facebook.com/takeo.kawmaura,http://www.tspark.net
山口県3区,藤井 岳志,28,共産,新,https://twitter.com/a_traveling_cat,https://www.facebook.com/nekojita716?fref=ts,
山口県3区,三浦 昇,44,民主,元,,https://www.facebook.com/miura.noboru,http://www.n-miura.jp/home.asp
山口県4区,安倍 晋三,60,自民,前,https://twitter.com/AbeShinzo,https://www.facebook.com/abeshinzo,http://www.s-abe.or.jp/
山口県4区,渡辺 利絵,51,無所,新,,,http://blog.canpan.info/nanbyo-solutions/
山口県4区,吉田 貞好,61,共産,新,,https://www.facebook.com/sadayoshi.yoshida.98,
徳島県1区,古田 元則,66,共産,新,,,http://furuta-moto.com/
徳島県1区,仁木 博文,48,民主,元,,,
徳島県1区,後藤田 正純,45,自民,前,,https://www.facebook.com/gotoda.masazumi,http://gotoda.com
徳島県2区,久保 孝之,51,共産,新,,https://www.facebook.com/jcp.tokushima,
徳島県2区,山口 俊一,64,自民,前,,,http://www.yamashun.jp/
香川県1区,河村 整,55,共産,新,,http://ja-jp.facebook.com/people/Tadashi-Kawamura/100008264835156,
香川県1区,平井 卓也,56,自民,前,https://twitter.com/hiratakuchan,https://www.facebook.com/hiratakuchan,https://www.hirataku.com
香川県1区,小川 淳也,43,民主,前,https://twitter.com/junyaog,https://www.facebook.com/#!/profile.php?id=100002343830458,http://www.junbo.org/
香川県2区,瀬戸 隆一,49,自民,前,https://twitter.com/setotakakazu,https://www.facebook.com/takakazu.seto,http://ameblo.jp/setojapan/
香川県2区,佐伯 守,54,共産,新,,,
香川県2区,玉木 雄一郎,45,民主,前,https://twitter.com/tamakiyuichiro,https://www.facebook.com/tamakiyuichiro,http://www.tamakinet.jp/
香川県3区,大野 敬太郎,46,自民,前,https://twitter.com/keitaro_ohno,https://www.facebook.com/keitaro.ohno,http://keitaro-ohno.com/
香川県3区,土岐 一郎,62,共産,新,,,
香川県3区,高田 良徳,54,社民,新,https://twitter.com/takatanx,https://www.facebook.com/takatanx,http://takatanx.exblog.jp/
愛媛県1区,永江 孝子,54,民主,元,https://twitter.com/nagaetakako,https://www.facebook.com/nagae-takako,http://www.nagae-takako.jp/
愛媛県1区,塩崎 恭久,64,自民,前,https://twitter.com/yasu_shio,http://www.facebook.com/shiozakiyasuhisa,http://www.y-shiozaki.or.jp
愛媛県1区,田中 克彦,47,共産,新,,,
愛媛県2区,植木 正勝,62,共産,新,https://twitter.com/uekimasakatu,,
愛媛県2区,横山 博幸,64,維新,新,,,http://www.shimin-net.com
愛媛県2区,西岡 新,41,無所,前,,,http://nishioka-arata.jp/
愛媛県2区,村上 誠一郎,62,自民,前,,https://ja-jp.facebook.com/murakamiseiichiro,http://sei-murakami.jp/
愛媛県3区,一色 一正,64,共産,新,https://twitter.com/issikikazumasa,,
愛媛県3区,白石 徹,58,自民,前,,https://www.facebook.com/toru.shiraishi.5,http://ameblo.jp/shiraishi-toru/
愛媛県3区,白石 洋一,51,民主,元,https://twitter.com/shiraishiyoichi,https://www.facebook.com/yoichi.shiraishi.1,http://ameblo.jp/shiraishiyouichi/
愛媛県4区,桜内 文城,49,次世,前,https://twitter.com/fsakura,,http://ameblo.jp/sakurauchi/
愛媛県4区,森 夏枝,33,維新,新,,,
愛媛県4区,西井 直人,57,共産,新,,,
愛媛県4区,山本 公一,67,自民,前,,,http://www.netwave.or.jp/~kochan-y/
高知県1区,中谷 元,57,自民,前,,https://www.facebook.com/gen.nakatani.1,
高知県1区,春名 直章,55,共産,元,,,http://haruna0416.exblog.jp/
高知県1区,大石 宗,34,民主,新,https://twitter.com/igosso014,https://www.facebook.com/shu.oishi,http://大石宗.com/
高知県1区,藤島 利久,52,無所,新,https://twitter.com/kochi53,,http://kochi53.blog.ocn.ne.jp/blog/
高知県2区,山本 有二,62,自民,前,,https://www.facebook.com/ug.y.0505,http://yamamotoyuji.com/
高知県2区,武内 則男,56,民主,新,https://twitter.com/NorioKochi,,
高知県2区,谷崎 治之,55,共産,新,,,
福岡県1区,比江嶋 俊和,67,共産,新,https://twitter.com/t_hiejima,https://www.facebook.com/profile.php?id=100008374996148&ref=br_rs,
福岡県1区,新開 裕司,46,無所,前,,https://ww.facebook.com/shinkaiyuji0822,
福岡県1区,明石 健太郎,42,諸派,新,,,http://akashi-kentaro.com/
福岡県1区,井上 貴博,52,無所,前,,http://facebook.com/inouetakahirojimusho,
福岡県1区,金出 公子,67,無所,新,,,
福岡県1区,山本 剛正,42,民主,元,,http://facebook.com/gosayyamamoto,http://www.gosay.jp
福岡県2区,倉元 達朗,47,共産,新,https://twitter.com/kuratatsu0711,https://www.facebook.com/tatsuo.kuramoto,http://jcpf1967.blog.fc2.com/
福岡県2区,稲富 修二,44,民主,元,,,
福岡県2区,鬼木 誠,42,自民,前,,,
福岡県2区,中村 宣久,52,無所,新,,,
福岡県3区,藤田 一枝,65,民主,元,,,
福岡県3区,古賀 篤,42,自民,前,,,
福岡県3区,川原 康裕,33,共産,新,https://twitter.com/y_kawahara,https://www.facebook.com/yasuhiro.kawahara.980,
福岡県4区,河野 正美,53,維新,前,,http://www.facebook.com/mkawano2416,http://www.kawano-masami.com/
福岡県4区,宮内 秀樹,52,自民,前,https://twitter.com/MiyauchiHideki,https://www.facebook.com/MiyauchiHideki,http://miyauchihideki.jp
福岡県4区,新留 清隆,59,共産,新,https://twitter.com/sindome7,https://www.facebook.com/jcp.munakasu,
福岡県5区,楠田 大蔵,39,民主,元,,,
福岡県5区,原田 義昭,70,自民,前,,https://www.facebook.com/Yoshiaki4192,http://www.y-harada.com/
福岡県5区,田中 陽二,58,共産,新,https://twitter.com/tanakayoji,https://www.facebook.com/profile.php?id=100007628881907,
福岡県6区,鳩山 邦夫,66,自民,前,https://twitter.com/hatoyama_k,https://www.facebook.com/hatoyamakunio.hongo,http://hatoyamakunio.org/
福岡県6区,金子 睦美,53,共産,新,,https://www.facebook.com/mutumi.kaneko.7,http://yaplog.jp/mutumigogo/
福岡県7区,藤丸 敏,54,自民,前,,https://www.facebook.com/fujimaru.satoshi,http://www.fujimaru-satoshi.net
福岡県7区,江口 学,40,共産,新,https://twitter.com/omuta_eguchi,,
福岡県8区,河野 祥子,34,共産,新,,,
福岡県8区,麻生 太郎,74,自民,前,,,http://www.aso-taro.jp/
福岡県9区,三原 朝彦,67,自民,前,,https://www.facebook.com/asahiko.mihara,http://www.mihara.gr.jp
福岡県9区,緒方 林太郎,41,民主,元,,https://www.facebook.com/rintaro.ogata,http://rinta.jp
福岡県9区,真島 省三,51,共産,新,https://twitter.com/syouzoumajima,https://www.facebook.com/syouzoumajima,
福岡県10区,山本 幸三,66,自民,前,https://twitter.com/yamamotogiin,https://www.facebook.com/yamamotokozogiin,http://www.yamamotokozo.com
福岡県10区,佐藤 正夫,59,無所,前,https://twitter.com/masao409,https://www.facebook.com/sato.masao1,http://www.sato-masao.com
福岡県10区,高瀬 菜穂子,54,共産,新,https://twitter.com/takasenahoko,https://www.facebook.com/nahoko.takase,http://nanohana-dayori.sblo.jp/
福岡県10区,城井 崇,41,民主,元,https://twitter.com/kiitakashi,https://www.facebook.com/takashi.kii,http://kiitakashi2009.blog119.fc2.com
福岡県11区,藤中 寛之,40,社民,新,,,http://fujinakahiroyuki.com/
福岡県11区,武田 良太,46,自民,前,,,
福岡県11区,山下 登美子,61,共産,新,,,
佐賀県1区,岩田 和親,41,自民,前,https://twitter.com/kazuchika_Iwata,https://ja-jp.facebook.com/kazuchika.iwata,http://www.k-iwata.jp
佐賀県1区,原口 一博,55,民主,前,https://twitter.com/kharaguchi,https://www.facebook.com/kazuhiroharaguchi,
佐賀県1区,古賀 誠,29,共産,新,,,http://www.geocities.jp/jcp_saga06
佐賀県2区,御厨 さとみ,33,共産,新,https://twitter.com/mikuriya_ogishi,,
佐賀県2区,大串 博志,49,民主,前,https://twitter.com/OogushiHiroshi,https://www.facebook.com/oogushihiroshi,http://www.oogushi.com/
佐賀県2区,古川 康,56,自民,新,,https://www.facebook.com/55furukawa.yasushi,http://www.power-full.com/
長崎県1区,高木 義明,68,民主,前,,,http://www.y-takaki.jp
長崎県1区,中西 敦信,34,共産,新,https://twitter.com/atsu_nakanishi,http://www.facebook.com/atsunobu.nakanishi27,http://attyan.sakura.ne.jp/
長崎県1区,冨岡 勉,66,自民,前,,http://www.facebook.com/tomioka2tom,http://www.dream-nagasaki.jp
長崎県2区,大久保 潔重,48,民主,新,https://twitter.com/honochare,https://www.facebook.com/okubo.yukishige,http://okubo-y.jp/
長崎県2区,加藤 寛治,68,自民,前,,,http://katokanji.com/
長崎県2区,矢崎 勝己,65,共産,新,,,
長崎県3区,谷川 弥一,73,自民,前,,,http://www.tanigawa81.jp/origin
長崎県3区,石丸 完治,65,共産,新,https://twitter.com/jcpishimaru,,
長崎県4区,末次 精一,52,生活,新,,,http://ameblo.jp/suetsuguseiichi/
長崎県4区,宮島 大典,51,民主,元,,https://www.facebook.com/daisuke.miyajima.56,http://ameblo.jp/miyajimadaisuke/
長崎県4区,石川 悟,62,共産,新,https://twitter.com/tukinokawasator,https://www.facebook.com/people/%E7%9F%B3%E5%B7%9D%E6%82%9F/100008387827735,http://jcpnh-net.lovepop.jp/index.html
長崎県4区,北村 誠吾,67,自民,前,,,
長崎県4区,森 拓也,45,無所,新,,,
熊本県1区,木原 稔,45,自民,前,https://twitter.com/kihara_minoru,https://www.facebook.com/kiharaminoru.official,http://kiharaminoru.jp
熊本県1区,松野 頼久,54,維新,前,,http://ja-jp.facebook.com/yorihisamatsunoishin,http://www.matsuno-yorihisa.com/
熊本県1区,高本 征尚,29,共産,新,,,
熊本県2区,広瀬 由美,58,共産,新,,,
熊本県2区,野田 毅,73,自民,前,,https://www.facebook.com/nodatakeshi.page,http://nodatakeshi.com/
熊本県3区,坂本 哲志,64,自民,前,,https://www.facebook.com/tetusiman,http://www.tetusi.com
熊本県3区,芋生 よしや,59,共産,新,,https://www.facebook.com/yoshiya.imou,
熊本県4区,井芹 栄次,58,共産,新,,,
熊本県4区,園田 博之,72,次世,前,,,
熊本県5区,今泉 克己,64,社民,新,,,
熊本県5区,橋田 芳昭,59,共産,新,,,
熊本県5区,金子 恭之,53,自民,前,https://twitter.com/nekotanchan,,http://kaneko-yasushi.com
大分県1区,山本 茂,63,共産,新,,https://www.facebook.com/profile.php?id=100004616260413&fres=ts,
大分県1区,吉良 州司,56,民主,元,,,http://www.kirashuji.com/
大分県1区,穴見 陽一,45,自民,前,,https://www.facebook.com/anamiyoichi,http://anamin.net/
大分県2区,山下 魁,37,共産,新,https://twitter.com/kai02yamashita,,http://ameblo.jp/sobo-katamuki/
大分県2区,吉川 元,48,社民,前,https://twitter.com/YoshikawaHajime,https://www.facebook.com/furusatonoshinsenryoku,http://yoshikawahajime.blog.fc2.com/
大分県2区,衛藤 征士郎,73,自民,前,https://twitter.com/etoseishiro,https://www.facebook.com/SeishiroEto,http://www.seishiro.jp/
大分県3区,大塚 光義,59,共産,新,,https://www.facebook.com/mitsuyoshi.ootsuka,
大分県3区,浦野 英樹,45,民主,新,https://twitter.com/hidekiurano,,http://www.urano-office.biz
大分県3区,岩屋 毅,57,自民,前,,,http://www.t-iwaya.com/
宮崎県1区,松本 隆,53,共産,新,,,
宮崎県1区,村尾 英俊,51,民主,新,,https://www.facebook.com/m1murao,http://m1.minshu-miyazaki.com/
宮崎県1区,武井 俊輔,39,自民,前,https://twitter.com/syunsuke_takei,https://www.facebook.com/takeisyunsuke,http://www.s-takei.jp/
宮崎県1区,外山 斎,38,維新,新,https://twitter.com/izki_toyama,http://www.facebook.com/itsuki.toyama,http://www.izki-toyama.com/
宮崎県2区,江藤 拓,54,自民,前,,,https://eto-taku.jp/
宮崎県2区,吉田 貴行,59,共産,新,,,
宮崎県3区,来住 一人,69,共産,新,https://twitter.com/raizyu_kazuhito,https://www.facebook.com/kazuhito.raizyu,
宮崎県3区,古川 禎久,49,自民,前,,,http://www.furukawa-yoshihisa.com/
鹿児島県1区,山之内 毅,32,維新,前,,,
鹿児島県1区,川内 博史,53,民主,元,https://twitter.com/kawauchihiroshi,https://www.facebook.com/hiroshi.kawauchi.393,
鹿児島県1区,山口 広延,39,共産,新,,,
鹿児島県1区,保岡 興治,75,自民,前,,,http://yasuokaokiharu.blog.fc2.com
鹿児島県2区,金子 万寿夫,67,自民,前,,https://www.facebook.com/kanekomasuo,http://kanekomasuo.jp
鹿児島県2区,祝迫 光治,71,共産,新,,,
鹿児島県3区,山口 陽規,61,共産,新,,,
鹿児島県3区,野間 健,56,無所,前,,,
鹿児島県3区,宮路 拓馬,35,自民,新,,https://www.facebook.com/pages/%E3%81%BF%E3%82%84%E3%81%98%E6%8B%93%E9%A6%AC/306924786098634,
鹿児島県4区,野呂 正和,63,社民,新,,,
鹿児島県4区,小里 泰弘,56,自民,前,,,http://ozato-yasuhiro.info/
鹿児島県4区,永田 義人,65,共産,新,,,
鹿児島県5区,野口 寛,69,共産,新,https://twitter.com/nogutihirosi,https://www.facebook.com/nogutihiosi,http://ameblo.jp/noguchi1945/
鹿児島県5区,森山 裕,69,自民,前,,,http://www.moriyama-hiroshi.com
沖縄県1区,赤嶺 政賢,66,共産,前,https://twitter.com/akamineseiken,https://www.facebook.com/seikenn.akamine?fref=ts,http://jcpakamine.webcrow.jp/
沖縄県1区,国場 幸之助,41,自民,前,https://twitter.com/kokubkonosuke,http://www.facebook.com/kokubakonosuke,http://www.konosuke.com
沖縄県1区,下地 幹郎,53,維新,元,,,
沖縄県2区,照屋 寛徳,69,社民,前,,,http://www.terukan.com
沖縄県2区,宮崎 政久,49,自民,前,,http://www.facebook.com/masahisa.miyazaki.9,http://www.miyazakirin.com
沖縄県3区,比嘉 奈津美,56,自民,前,,https://www.facebook.com/natsumi.smile,http://natsumi-smile.com
沖縄県3区,玉城 デニー,55,生活,前,https://twitter.com/tamakidenny,http://facebook.com/denny.tamaki,http://d21tamaki.com/
沖縄県4区,仲里 利信,77,無所,新,,,
沖縄県4区,西銘 恒三郎,60,自民,前,,,
